m/z,Intensity,Formula,Neutral Mass
150.01915,1655.7,Cu1O3N1C1H13,150.01919
150.05504,2086.5,Cu1O2N1C2H17,150.0556
150.07768,1627.9,Cu1O1N2C2H19,150.07942
150.93295,2313.3,Cu1O3N1C2H2,150.93306
150.99004,1753.7,Cu1O4N1H10,150.99061
151.00674,1775.5,Cu1O1N1C4H10,151.00588
151.92716,6453.6,Cu1O3N2C1H1,151.9283
152.03296,4829.4,Cu1O3N1C1H15,152.03485
152.03528,389797.6,Cu1O3N1C1H15,152.03485
152.06982,1635.9,Cu1O2N1C2H19,152.07126
152.94736,1897.1,Cu1O3N1C2H4,152.94872
153.00861,1613.5,Cu1O1N2C3H10,153.00895
153.01956,4168.8,Cu1O1N1C4H12,153.02154
153.02068,1704.8,Cu1O1N1C4H12,153.02154
153.07896,1812.7,Cu1O2N1C2H20,153.07909
154.02866,2208.2,Cu1O1N1C4H13,154.02937
154.96297,1856.8,Cu1O3N1C2H6,154.96438
156.0078,1861.4,Cu1O2N1C3H11,156.00862
156.03151,2036.7,Cu1O1N2C3H13,156.03244
158.01039,1731.4,Cu1O2N2C2H11,158.01169
158.06108,2282.5,Cu1O1N1C4H17,158.06069
158.93851,1884.8,Cu1O2N1C4H2,158.93815
158.96129,1896.3,Cu1O1N2C4H4,158.96197
159.06659,2015.8,Cu1O1N1C4H18,159.06852
159.96619,1885.4,Cu1O4N1C1H7,159.96712
159.96753,1969.1,Cu1O4N1C1H7,159.96712
159.9888,1626.3,Cu1O3N2C1H9,159.99094
160.04033,3655.0,Cu1O2N1C3H15,160.03994
160.93866,1594.9,Cu1O5N1H4,160.93854
160.94069,1547.6,Cu1O2N2C3H2,160.94122
161.01038,1993.1,Cu1O3N1C2H12,161.01136
161.03349,13216.1,Cu1O2N2C2H14,161.03518
161.0356,438051.3,Cu1O2N2C2H14,161.03518
161.92343,1967.9,Cu1O3N1C3H1,161.92523
161.92343,1967.9,Cu1O6H3,161.92255
161.96199,1637.3,Cu1O2N1C4H5,161.96164
161.98157,1926.7,Cu1O4N1C1H9,161.98278
161.9855,1740.0,Cu1O1N2C4H7,161.98546
161.99623,1683.0,Cu1O1N1C5H9,161.99805
162.0196,21377.5,Cu1O3N1C2H13,162.01919
162.05589,1791.1,Cu1O2N1C3H17,162.0556
163.01503,3937.1,Cu1O3N2C1H12,163.01443
163.02623,3153.2,Cu1O3N1C2H14,163.02702
163.96541,1951.2,Cu1O2N2C3H5,163.96471
164.03526,264517.3,Cu1O3N1C2H15,164.03485
164.07152,3903.9,Cu1O2N1C3H19,164.07126
164.07185,2336.2,Cu1O2N1C3H19,164.07126
164.91074,1718.2,Cu1O4N1C2,164.91231
165.00453,1623.3,Cu1O4N1C1H12,165.00627
165.02071,1698.9,Cu1O1N1C5H12,165.02154
165.04085,47750.6,Cu1O3N1C2H16,165.04268
165.94336,1750.8,Cu1O3N2C2H3,165.94396
165.95404,2033.0,Cu1O6H7,165.95387
166.0145,21066.3,Cu1O4N1C1H13,166.0141
166.02718,3558.7,Cu1O1N1C5H13,166.02937
166.03665,1967.8,Cu1O3N2C1H15,166.03792
166.04932,2069.8,Cu1O3N1C2H17,166.05051
166.05092,411995.7,Cu1O3N1C2H17,166.05051
166.92731,1484.7,Cu1O4N1C2H2,166.92797
166.94406,1599.8,Cu1O1N1C6H2,166.94324
166.95265,1719.3,Cu1O3N2C2H4,166.95179
166.98331,2013.5,Cu1O5N1H10,166.98552
166.98445,2757.5,Cu1O5N1H10,166.98552
166.98728,5553.5,Cu1O2N2C3H8,166.9882
166.98834,1982.2,Cu1O2N2C3H8,166.9882
166.98928,6547.8,Cu1O2N2C3H8,166.9882
167.02078,1666.5,Cu1O4N1C1H14,167.02193
167.04612,8359.7,Cu1O3N2C1H16,167.04575
167.93768,2501.2,Cu1O1N2C5H1,167.93848
167.93825,1777.6,Cu1O1N2C5H1,167.93848
167.94891,4303.9,Cu1O1N1C6H3,167.95107
167.94964,3979.7,Cu1O1N1C6H3,167.95107
167.95775,1908.6,Cu1O3N2C2H5,167.95962
167.97229,1812.0,Cu1O3N1C3H7,167.97221
167.99356,3840.4,Cu1O5N1H11,167.99335
168.0284,46330.7,Cu1O4N1C1H15,168.02976
168.03018,1053644.9,Cu1O4N1C1H15,168.02976
168.04546,2185.6,Cu1O1N1C5H15,168.04503
168.06654,1997.1,Cu1O3N1C2H19,168.06617
168.9666,1790.5,Cu1O3N2C2H6,168.96745
169.01424,15096.9,Cu1O2N1C4H12,169.01645
169.01703,1608.5,Cu1O2N1C4H12,169.01645
169.95116,1874.7,Cu1O4N1C2H5,169.95146
170.00945,17557.0,Cu1O2N2C3H11,170.01169
171.01996,1762.9,Cu1O2N2C3H12,171.01952
171.02988,21125.2,Cu1O2N1C4H14,171.03211
171.94461,1770.5,Cu1O2N1C5H3,171.94598
171.95381,1880.0,Cu1O4N2C1H5,171.95453
171.96597,1969.7,Cu1O4N1C2H7,171.96712
172.02707,1705.5,Cu1O2N2C3H13,172.02735
172.03954,1587.8,Cu1O2N1C4H15,172.03994
172.07564,1523.9,Cu1O1N1C5H19,172.07635
172.07673,4842.5,Cu1O1N1C5H19,172.07635
173.04593,1957.8,Cu1O2N1C4H16,173.04777
173.97058,1696.6,Cu1O4N2C1H7,173.97019
174.04146,1563.0,Cu1O2N2C3H15,174.04301
174.05452,1394.9,Cu1O2N1C4H17,174.0556
174.05598,19944.6,Cu1O2N1C4H17,174.0556
174.97015,1874.2,Cu1O2N1C5H6,174.96947
174.9904,2521.2,Cu1O4N1C2H10,174.99061
175.02478,8327.3,Cu1O3N1C3H14,175.02702
175.02708,1846.3,Cu1O3N1C3H14,175.02702
175.05124,58547.6,Cu1O2N2C3H16,175.05084
175.06116,26501.0,Cu1O2N1C4H18,175.06343
175.92578,2084.5,Cu1O6N1H3,175.92562
175.96219,1500.1,Cu1O5N1C1H7,175.96203
175.97842,1739.8,Cu1O2N1C5H7,175.9773
176.03525,61410.5,Cu1O3N1C3H15,176.03485
176.07165,3679.1,Cu1O2N1C4H19,176.07126
176.9274,1596.0,Cu1O1N1C7,176.92758
176.968,1966.7,Cu1O5N1C1H8,176.96986
176.97142,1638.8,Cu1O2N2C4H6,176.97254
177.01929,49437.9,Cu1O1N1C6H12,177.02154
177.06726,1588.8,Cu1O2N2C3H18,177.0665
177.0768,1924.5,Cu1O2N1C4H20,177.07909
177.95622,2065.3,Cu1O3N1C4H5,177.95655
178.01452,188986.9,Cu1O1N2C5H11,178.01678
178.01452,188986.9,Cu1O4N1C2H13,178.0141
178.02718,10279.8,Cu1O1N1C6H13,178.02937
178.05089,152911.3,Cu1O3N1C3H17,178.05051
178.07501,1849.9,Cu1O2N2C3H19,178.07433
178.96332,3747.2,Cu1O3N1C4H6,178.96438
179.03491,202314.2,Cu1O1N1C6H14,179.0372
179.04622,2893.3,Cu1O3N2C2H16,179.04575
179.05603,152518.4,Cu1O3N1C3H18,179.05834
179.98152,1738.0,Cu1O5N2H9,179.98076
180.03018,286073.0,Cu1O1N2C5H13,180.03244
180.03018,286073.0,Cu1O4N1C2H15,180.02976
180.04311,1556.7,Cu1O1N1C6H15,180.04503
180.06657,312775.3,Cu1O3N1C3H19,180.06617
180.94241,30767.0,Cu1O4N1C3H4,180.94363
180.95966,3237.7,Cu1O1N1C7H4,180.9589
180.96518,1950.9,Cu1O3N2C3H6,180.96745
180.96518,1950.9,Cu1O6N1H8,180.96477
181.01429,18742.5,Cu1O2N1C5H12,181.01645
181.01757,10277.8,Cu1O2N1C5H12,181.01645
181.05057,130749.0,Cu1O1N1C6H16,181.05286
181.07185,1777.0,Cu1O3N1C3H20,181.074
181.93765,31297.5,Cu1O4N2C2H3,181.93887
182.0094,76933.5,Cu1O2N2C4H11,182.01169
182.0094,76933.5,Cu1O5N1C1H13,182.00901
182.01096,1663.8,Cu1O2N2C4H11,182.01169
182.04584,383329.9,Cu1O1N2C5H15,182.0481
182.04584,383329.9,Cu1O4N1C2H17,182.04542
182.06093,1576.3,Cu1O1N1C6H17,182.06069
182.9268,1472.9,Cu1O2N2C5,182.92556
182.93626,1644.6,Cu1O2N1C6H2,182.93815
182.94632,1577.8,Cu1O4N2C2H4,182.9467
182.97837,4755.9,Cu1O6N1H10,182.98043
183.01488,1769.2,Cu1O5N1C1H14,183.01684
183.01718,1818.4,Cu1O2N2C4H12,183.01952
183.01718,1818.4,Cu1O5N1C1H14,183.01684
183.02982,2489.8,Cu1O2N1C5H14,183.03211
183.03339,1649.4,Cu1O2N1C5H14,183.03211
183.06623,149003.4,Cu1O1N1C6H18,183.06852
183.07785,1710.1,Cu1O3N2C2H20,183.07707
183.95557,1811.7,Cu1O4N2C2H5,183.95453
183.98906,1808.8,Cu1O3N2C3H9,183.99094
183.98906,1808.8,Cu1O6N1H11,183.98826
184.02511,47863.7,Cu1O2N2C4H13,184.02735
184.02511,47863.7,Cu1O5N1C1H15,184.02467
184.9729,1493.4,Cu1O4N1C3H8,184.97495
184.9729,1493.4,Cu1O7H10,184.97227
185.04549,163888.1,Cu1O2N1C5H16,185.04777
185.05685,2396.9,Cu1O4N2C1H18,185.05632
185.08187,264083.2,Cu1O1N1C6H20,185.08418
185.90845,1963.0,Cu1O6N1C1H1,185.90996
185.94946,3731.1,Cu1O2N2C5H3,185.94905
186.03896,2272.2,Cu1O5N1C1H17,186.04033
186.04085,1831.5,Cu1O2N2C4H15,186.04301
186.04085,1831.5,Cu1O5N1C1H17,186.04033
186.07732,1886.0,Cu1O1N2C5H19,186.07942
187.06115,260048.2,Cu1O2N1C5H18,187.06343
188.03529,419323.5,Cu1O3N1C4H15,188.03485
188.06956,1905.1,Cu1O2N1C5H19,188.07126
188.07164,2696.0,Cu1O2N1C5H19,188.07126
189.0192,7412.6,Cu1O1N1C7H12,189.02154
189.03052,40354.6,Cu1O3N2C3H14,189.03009
189.04043,15159.4,Cu1O3N1C4H16,189.04268
189.06687,3792.2,Cu1O2N2C4H18,189.0665
189.07679,38321.7,Cu1O2N1C5H20,189.07909
189.07796,1647.6,Cu1O2N1C5H20,189.07909
189.93542,1877.1,Cu1O1N1C8H1,189.93541
189.94333,1859.8,Cu1O3N2C4H3,189.94396
190.01457,1552.0,Cu1O1N2C6H11,190.01678
190.01457,1552.0,Cu1O4N1C3H13,190.0141
190.05085,10117.4,Cu1O3N1C4H17,190.05051
190.05176,1662.6,Cu1O3N1C4H17,190.05051
190.92784,1948.8,Cu1O4N1C4H2,190.92797
190.96254,1946.7,Cu1O3N1C5H6,190.96438
190.98775,1796.8,Cu1O2N2C5H8,190.9882
191.03492,143828.5,Cu1O1N1C7H14,191.0372
191.04616,3763.9,Cu1O3N2C3H16,191.04575
191.05596,20701.7,Cu1O3N1C4H18,191.05834
191.92171,1530.0,Cu1O4N2C3H1,191.92321
191.92171,1530.0,Cu1O7N1H3,191.92053
192.03017,315996.0,Cu1O1N2C6H13,192.03244
192.03017,315996.0,Cu1O4N1C3H15,192.02976
192.03151,2171.5,Cu1O1N2C6H13,192.03244
192.04482,1688.1,Cu1O1N1C7H15,192.04503
192.06652,91894.1,Cu1O3N1C4H19,192.06617
192.92882,1748.4,Cu1O4N2C3H2,192.93104
192.92882,1748.4,Cu1O7N1H4,192.92836
192.95703,1744.0,Cu1O1N1C8H4,192.9589
193.01637,1953.4,Cu1O2N1C6H12,193.01645
193.05056,135113.5,Cu1O1N1C7H16,193.05286
193.91045,1558.5,Cu1O8H3,193.91237
194.00836,1941.3,Cu1O5N1C2H13,194.00901
194.03418,1635.3,Cu1O4N2C2H15,194.03283
194.04582,309236.3,Cu1O1N2C6H15,194.0481
194.04582,309236.3,Cu1O4N1C3H17,194.04542
194.94527,2053.8,Cu1O4N2C3H4,194.9467
194.94527,2053.8,Cu1O7N1H6,194.94402
195.02981,48027.2,Cu1O2N1C6H14,195.03211
195.03165,2010.4,Cu1O2N1C6H14,195.03211
195.03322,1632.2,Cu1O2N1C6H14,195.03211
195.06619,72719.2,Cu1O1N1C7H18,195.06852
195.06708,2127.3,Cu1O1N1C7H18,195.06852
195.07617,1546.8,Cu1O3N2C3H20,195.07707
196.02507,193596.2,Cu1O2N2C5H13,196.02735
196.02507,193596.2,Cu1O5N1C2H15,196.02467
196.02576,2333.4,Cu1O2N2C5H13,196.02735
196.02576,2333.4,Cu1O5N1C2H15,196.02467
196.0396,1889.5,Cu1O2N1C6H15,196.03994
196.04849,2269.9,Cu1O4N2C2H17,196.04849
196.06141,74978.9,Cu1O1N2C6H17,196.06376
196.06141,74978.9,Cu1O4N1C3H19,196.06108
196.06221,1954.5,Cu1O1N2C6H17,196.06376
196.06221,1954.5,Cu1O4N1C3H19,196.06108
196.97295,1784.7,Cu1O4N1C4H8,196.97495
197.01253,2253.5,Cu1O3N1C5H12,197.01136
197.03065,1810.1,Cu1O5N1C2H16,197.0325
197.04553,22837.8,Cu1O2N1C6H16,197.04777
197.08186,54741.0,Cu1O1N1C7H20,197.08418
197.08281,1896.5,Cu1O1N1C7H20,197.08418
198.00424,6295.7,Cu1O3N2C4H11,198.0066
198.00424,6295.7,Cu1O6N1C1H13,198.00392
198.02539,4224.0,Cu1O5N2C1H15,198.02774
198.0407,231471.9,Cu1O2N2C5H15,198.04301
198.0407,231471.9,Cu1O5N1C2H17,198.04033
198.95441,1456.8,Cu1O2N2C6H4,198.95688
198.95441,1456.8,Cu1O5N1C3H6,198.9542
199.01276,1827.8,Cu1O3N2C4H12,199.01443
199.01276,1827.8,Cu1O6N1C1H14,199.01175
199.02808,9212.0,Cu1O3N1C5H14,199.02702
199.06109,114254.8,Cu1O2N1C6H18,199.06343
199.06259,3411.6,Cu1O2N1C6H18,199.06343
199.964,1765.2,Cu1O2N2C6H5,199.96471
199.9823,1805.3,Cu1O7N1H11,199.98317
200.01753,2718.3,Cu1O6N1C1H15,200.01958
200.9563,1787.9,Cu1O5N2C2H6,200.95727
201.04044,16907.6,Cu1O3N1C5H16,201.04268
201.07675,210632.3,Cu1O2N1C6H20,201.07909
201.07776,4942.6,Cu1O2N1C6H20,201.07909
201.96455,1959.0,Cu1O5N2C2H7,201.9651
201.96584,1861.1,Cu1O5N2C2H7,201.9651
202.01788,1838.7,Cu1O1N2C7H11,202.01678
202.05086,175351.9,Cu1O3N1C5H17,202.05051
202.9639,2011.9,Cu1O3N1C6H6,202.96438
202.97394,1825.9,Cu1O5N2C2H8,202.97293
203.00197,1497.1,Cu1O2N1C7H10,203.00079
203.03486,36907.1,Cu1O1N1C8H14,203.0372
203.04612,50351.2,Cu1O3N2C4H16,203.04575
203.04709,1514.4,Cu1O3N2C4H16,203.04575
203.05601,85460.2,Cu1O3N1C5H18,203.05834
203.08234,2192.3,Cu1O2N2C5H20,203.08216
203.95654,1792.5,Cu1O6N1C2H7,203.95694
204.01659,1598.0,Cu1O4N2C3H13,204.01717
204.03016,17012.2,Cu1O1N2C7H13,204.03244
204.03016,17012.2,Cu1O4N1C4H15,204.02976
204.04253,1986.3,Cu1O1N1C8H15,204.04503
204.06652,6075.8,Cu1O3N1C5H19,204.06617
204.94176,1673.9,Cu1O4N1C5H4,204.94363
205.00383,2055.3,Cu1O2N2C6H10,205.00386
205.01417,4755.2,Cu1O2N1C7H12,205.01645
205.03511,2154.6,Cu1O4N1C4H16,205.03759
205.05053,126763.8,Cu1O1N1C8H16,205.05286
205.05618,1533.7,Cu1O6N1C1H20,205.05873
205.06177,2101.2,Cu1O3N2C4H18,205.06141
205.07161,7936.0,Cu1O3N1C5H20,205.074
206.0094,61615.7,Cu1O2N2C6H11,206.01169
206.0094,61615.7,Cu1O5N1C3H13,206.00901
206.04579,297964.1,Cu1O1N2C7H15,206.0481
206.04579,297964.1,Cu1O4N1C4H17,206.04542
206.92445,1914.2,Cu1O2N2C7,206.92556
206.98222,1702.0,Cu1O3N2C5H8,206.98311
206.99359,1881.8,Cu1O3N1C6H10,206.9957
207.02981,11008.1,Cu1O2N1C7H14,207.03211
207.04085,2368.3,Cu1O4N2C3H16,207.04066
207.0507,3487.1,Cu1O4N1C4H18,207.05325
207.0662,103290.3,Cu1O1N1C8H18,207.06852
207.07639,1857.5,Cu1O3N2C4H20,207.07707
207.95273,2312.7,Cu1O4N2C4H5,207.95453
207.95273,2312.7,Cu1O7N1C1H7,207.95185
207.97455,1686.9,Cu1O6N2C1H9,207.97567
208.02505,22669.9,Cu1O2N2C6H13,208.02735
208.02505,22669.9,Cu1O5N1C3H15,208.02467
208.04036,1758.5,Cu1O2N1C7H15,208.03994
208.06018,1640.2,Cu1O4N1C4H19,208.06108
208.06145,305944.1,Cu1O1N2C7H17,208.06376
208.06145,305944.1,Cu1O4N1C4H19,208.06108
208.97318,1555.3,Cu1O4N1C5H8,208.97495
208.9761,1889.7,Cu1O1N2C8H6,208.97763
208.9761,1889.7,Cu1O4N1C5H8,208.97495
209.01241,3892.3,Cu1O3N1C6H12,209.01136
209.02028,2322.5,Cu1O5N2C2H14,209.01991
209.04544,138946.8,Cu1O2N1C7H16,209.04777
209.08177,27002.3,Cu1O1N1C8H20,209.08418
209.08481,1577.3,Cu1O1N1C8H20,209.08418
209.93407,1720.9,Cu1O5N2C3H3,209.93378
209.94913,1809.3,Cu1O2N2C7H3,209.94905
209.95905,1698.0,Cu1O2N1C8H5,209.96164
210.04071,156728.5,Cu1O2N2C6H15,210.04301
210.04071,156728.5,Cu1O5N1C3H17,210.04033
210.05585,1984.5,Cu1O2N1C7H17,210.0556
210.06425,2224.7,Cu1O4N2C3H19,210.06415
210.07707,28721.5,Cu1O1N2C7H19,210.07942
210.93439,2005.9,Cu1O3N1C7H2,210.93306
210.93898,1666.2,Cu1O5N2C3H4,210.94161
210.93898,1666.2,Cu1O8N1H6,210.93893
210.95659,1652.6,Cu1O2N2C7H4,210.95688
210.96103,1923.9,Cu1O7N2H8,210.96275
210.99159,1753.0,Cu1O1N2C8H8,210.99329
210.99159,1753.0,Cu1O4N1C5H10,210.99061
210.99342,1657.6,Cu1O1N2C8H8,210.99329
211.02475,2605.5,Cu1O3N1C6H14,211.02702
211.02834,2274.5,Cu1O3N1C6H14,211.02702
211.0358,1800.2,Cu1O5N2C2H16,211.03557
211.04607,1570.4,Cu1O5N1C3H18,211.04816
211.06114,40851.6,Cu1O2N1C7H18,211.06343
212.01137,1552.5,Cu1O1N1C9H11,212.01371
212.01993,11255.9,Cu1O3N2C5H13,212.02226
212.01993,11255.9,Cu1O6N1C2H15,212.01958
212.04306,2555.4,Cu1O5N2C2H17,212.0434
212.05637,11287.1,Cu1O2N2C6H17,212.05867
212.05637,11287.1,Cu1O5N1C3H19,212.05599
212.07233,2191.8,Cu1O2N1C7H19,212.07126
212.93124,1985.3,Cu1O6N1C3H4,212.93345
212.93124,1985.3,Cu1O9H6,212.93077
212.95297,1930.2,Cu1O8N1H8,212.95459
212.97159,1612.0,Cu1O2N2C7H6,212.97254
212.99475,1598.7,Cu1O4N2C4H10,212.99368
213.00612,2151.7,Cu1O4N1C5H12,213.00627
213.01529,4947.0,Cu1O6N2C1H14,213.01482
213.01922,10219.4,Cu1O1N1C9H12,213.02154
213.02522,1765.0,Cu1O6N1C2H16,213.02741
213.02965,1648.2,Cu1O3N2C5H14,213.03009
213.04033,8575.3,Cu1O3N1C6H16,213.04268
213.04384,1835.4,Cu1O3N1C6H16,213.04268
213.07675,89475.9,Cu1O2N1C7H20,213.07909
214.02785,1769.9,Cu1O1N1C9H13,214.02937
214.05091,70472.2,Cu1O3N1C6H17,214.05051
214.92889,1881.7,Cu1O1N2C9,214.93065
214.92889,1881.7,Cu1O4N1C6H2,214.92797
214.92987,17330.3,Cu1O1N2C9,214.93065
215.00478,2085.9,Cu1O7N1C1H14,215.00666
215.02303,44511.9,Cu1O1N2C8H12,215.02461
215.02303,44511.9,Cu1O4N1C5H14,215.02193
215.03494,21323.5,Cu1O1N1C9H14,215.0372
215.056,37571.6,Cu1O3N1C6H18,215.05834
216.03012,31282.8,Cu1O1N2C8H13,216.03244
216.03012,31282.8,Cu1O4N1C5H15,216.02976
216.05119,1505.9,Cu1O3N2C5H17,216.05358
216.05119,1505.9,Cu1O6N1C2H19,216.0509
216.06649,72817.3,Cu1O3N1C6H19,216.06617
217.05055,66764.5,Cu1O1N1C9H16,217.05286
217.06176,29283.7,Cu1O3N2C5H18,217.06141
217.07162,48305.9,Cu1O3N1C6H20,217.074
217.89708,2068.4,Cu1O8N1C1H1,217.89978
217.99438,1779.8,Cu1O5N2C3H11,217.99642
218.04579,21699.5,Cu1O1N2C8H15,218.0481
218.04579,21699.5,Cu1O4N1C5H17,218.04542
218.92438,1796.7,Cu1O2N2C8,218.92556
218.92438,1796.7,Cu1O5N1C5H2,218.92288
218.93204,1854.7,Cu1O7N2C1H4,218.93143
219.02976,23303.6,Cu1O2N1C8H14,219.03211
219.05095,6260.6,Cu1O4N1C5H18,219.05325
219.0662,116036.6,Cu1O1N1C9H18,219.06852
219.06795,2292.4,Cu1O1N1C9H18,219.06852
219.94568,1713.0,Cu1O2N1C9H3,219.94598
220.02255,1807.5,Cu1O5N1C4H15,220.02467
220.02506,109847.8,Cu1O2N2C7H13,220.02735
220.02506,109847.8,Cu1O5N1C4H15,220.02467
220.03786,2051.8,Cu1O2N1C8H15,220.03994
220.04628,1596.4,Cu1O4N2C4H17,220.04849
220.04628,1596.4,Cu1O7N1C1H19,220.04581
220.06142,162493.3,Cu1O1N2C8H17,220.06376
220.06142,162493.3,Cu1O4N1C5H19,220.06108
220.0625,1480.5,Cu1O1N2C8H17,220.06376
220.0625,1480.5,Cu1O4N1C5H19,220.06108
220.07788,1965.2,Cu1O1N1C9H19,220.07635
220.92392,1618.7,Cu1O5N2C4H2,220.92595
220.92392,1618.7,Cu1O8N1C1H4,220.92327
220.9893,1561.8,Cu1O1N1C10H8,220.99022
221.01235,32968.9,Cu1O3N1C7H12,221.01136
221.04549,75966.6,Cu1O2N1C8H16,221.04777
221.06657,13747.3,Cu1O4N1C5H20,221.06891
221.08184,62889.4,Cu1O1N1C9H20,221.08418
221.91115,1843.4,Cu1O6N1C4H1,221.90996
221.97029,1736.6,Cu1O4N2C5H7,221.97019
222.04068,99494.9,Cu1O2N2C7H15,222.04301
222.04068,99494.9,Cu1O5N1C4H17,222.04033
222.0771,15518.7,Cu1O1N2C8H19,222.07942
222.9256,1720.9,Cu1O8N2H4,222.92634
223.02484,14393.3,Cu1O3N1C7H14,223.02702
223.02561,4241.8,Cu1O3N1C7H14,223.02702
223.02822,398882.9,Cu1O3N1C7H14,223.02702
223.03625,1712.5,Cu1O5N2C3H16,223.03557
223.06108,75442.3,Cu1O2N1C8H18,223.06343
223.06446,5452.0,Cu1O2N1C8H18,223.06343
223.07236,2194.4,Cu1O4N2C4H20,223.07198
224.0197,4099.0,Cu1O3N2C6H13,224.02226
224.0197,4099.0,Cu1O6N1C3H15,224.01958
224.04111,4208.0,Cu1O5N2C3H17,224.0434
224.05635,191685.1,Cu1O2N2C7H17,224.05867
224.05635,191685.1,Cu1O5N1C4H19,224.05599
224.07165,6946.5,Cu1O2N1C8H19,224.07126
224.89583,1633.5,Cu1O7N1C3,224.89704
224.89583,1633.5,Cu1O10H2,224.89436
224.9198,1877.8,Cu1O6N2C3H2,224.92086
224.9198,1877.8,Cu1O9N1H4,224.91818
225.00489,4651.2,Cu1O4N1C6H12,225.00627
225.00747,36573.9,Cu1O1N2C9H10,225.00895
225.00747,36573.9,Cu1O4N1C6H12,225.00627
225.0103,2190.4,Cu1O1N2C9H10,225.00895
225.01503,2144.5,Cu1O6N2C2H14,225.01482
225.02515,10796.2,Cu1O6N1C3H16,225.02741
225.04015,4405.8,Cu1O3N1C7H16,225.04268
225.07674,14966.9,Cu1O2N1C8H20,225.07909
225.93518,1695.5,Cu1O1N1C11H1,225.93541
225.98604,1352.4,Cu1O7N2C1H11,225.98624
226.03559,59721.2,Cu1O3N2C6H15,226.03792
226.03559,59721.2,Cu1O6N1C3H17,226.03524
226.0479,1779.3,Cu1O3N1C7H17,226.05051
226.04975,113937.9,Cu1O3N1C7H17,226.05051
226.05096,113731.1,Cu1O3N1C7H17,226.05051
226.072,30209.9,Cu1O2N2C7H19,226.07433
226.91013,2078.4,Cu1O7N1C3H2,226.9127
226.91013,2078.4,Cu1O10H4,226.91002
226.96262,1670.5,Cu1O3N1C8H6,226.96438
226.9868,1898.5,Cu1O2N2C8H8,226.9882
226.9868,1898.5,Cu1O5N1C5H10,226.98552
226.99561,1724.1,Cu1O7N2C1H12,226.99407
227.0289,1646.4,Cu1O6N2C2H16,227.03048
227.03033,2117.9,Cu1O6N2C2H16,227.03048
227.03486,125369.9,Cu1O1N1C10H14,227.0372
227.05604,107200.6,Cu1O3N1C7H18,227.05834
227.92085,1606.0,Cu1O4N2C6H1,227.92321
227.92085,1606.0,Cu1O7N1C3H3,227.92053
227.94185,1995.8,Cu1O6N2C3H5,227.94435
227.94185,1995.8,Cu1O9N1H7,227.94167
227.95438,1646.5,Cu1O6N1C4H7,227.95694
228.03011,200688.8,Cu1O1N2C9H13,228.03244
228.03011,200688.8,Cu1O4N1C6H15,228.02976
228.05124,1589.2,Cu1O3N2C6H17,228.05358
228.05124,1589.2,Cu1O6N1C3H19,228.0509
228.06647,66821.9,Cu1O3N1C7H19,228.06617
228.9202,1763.6,Cu1O2N1C10,228.92249
228.94548,26163.6,Cu1O1N2C10H2,228.94631
228.96642,1658.3,Cu1O3N2C7H6,228.96745
228.96642,1658.3,Cu1O6N1C4H8,228.96477
228.99918,1523.5,Cu1O5N1C5H12,229.00118
229.00009,1392.6,Cu1O5N1C5H12,229.00118
229.00967,2061.6,Cu1O7N2C1H14,229.00973
229.03522,1637.0,Cu1O4N1C6H16,229.03759
229.04736,1844.4,Cu1O6N2C2H18,229.04614
229.05049,133200.1,Cu1O1N1C10H16,229.05286
229.05243,1917.2,Cu1O1N1C10H16,229.05286
229.07167,73276.1,Cu1O3N1C7H20,229.074
229.95923,1486.4,Cu1O6N2C3H7,229.96001
229.99432,2201.8,Cu1O5N2C4H11,229.99642
229.99432,2201.8,Cu1O8N1C1H13,229.99374
230.02982,1986.7,Cu1O7N1C2H17,230.03015
230.04576,103192.7,Cu1O1N2C9H15,230.0481
230.04576,103192.7,Cu1O4N1C6H17,230.04542
230.06166,1942.4,Cu1O1N1C10H17,230.06069
230.06892,1672.7,Cu1O3N2C6H19,230.06924
230.9071,1608.5,Cu1O8N1C2H2,230.90761
230.96785,1653.0,Cu1O6N2C3H8,230.96784
231.05095,1675.3,Cu1O4N1C6H18,231.05325
231.06619,41113.5,Cu1O1N1C10H18,231.06852
231.06962,7772.8,Cu1O1N1C10H18,231.06852
231.07736,4179.7,Cu1O3N2C6H20,231.07707
231.91435,1941.0,Cu1O8N1C2H3,231.91544
231.9304,2107.3,Cu1O5N1C6H3,231.93071
232.00313,1600.9,Cu1O3N1C8H11,232.00353
232.0256,1519.0,Cu1O2N2C8H13,232.02735
232.0256,1519.0,Cu1O5N1C5H15,232.02467
232.06129,15675.7,Cu1O1N2C9H17,232.06376
232.06129,15675.7,Cu1O4N1C6H19,232.06108
232.07616,1624.2,Cu1O1N1C10H19,232.07635
232.89977,1850.1,Cu1O6N1C5,232.90213
233.02019,16424.7,Cu1O5N2C4H14,233.01991
233.03357,1510.0,Cu1O2N2C8H14,233.03518
233.03357,1510.0,Cu1O5N1C5H16,233.0325
233.04541,43858.7,Cu1O2N1C9H16,233.04777
233.04707,1781.2,Cu1O2N1C9H16,233.04777
233.04887,62386.1,Cu1O2N1C9H16,233.04777
233.05649,1753.3,Cu1O4N2C5H18,233.05632
233.06657,2419.1,Cu1O4N1C6H20,233.06891
233.08179,42768.3,Cu1O1N1C10H20,233.08418
233.9649,1535.3,Cu1O7N1C3H9,233.96751
233.9649,1535.3,Cu1O10H11,233.96483
233.97005,2058.5,Cu1O4N2C6H7,233.97019
234.04072,46324.7,Cu1O2N2C8H15,234.04301
234.04072,46324.7,Cu1O5N1C5H17,234.04033
234.05594,1949.7,Cu1O2N1C9H17,234.0556
234.0771,84142.3,Cu1O1N2C9H19,234.07942
234.97443,2058.4,Cu1O7N1C3H10,234.97534
234.99725,2243.5,Cu1O6N2C3H12,234.99916
235.06107,31700.8,Cu1O2N1C9H18,235.06343
235.06424,3596.6,Cu1O2N1C9H18,235.06343
235.07051,1581.1,Cu1O4N2C5H20,235.07198
235.07262,1678.5,Cu1O4N2C5H20,235.07198
235.0735,1800.9,Cu1O4N2C5H20,235.07198
235.96242,1642.6,Cu1O2N2C9H5,235.96471
235.96242,1642.6,Cu1O5N1C6H7,235.96203
235.9679,1675.2,Cu1O7N2C2H9,235.97058
236.01962,1630.7,Cu1O3N2C7H13,236.02226
236.01962,1630.7,Cu1O6N1C4H15,236.01958
236.05629,41260.2,Cu1O2N2C8H17,236.05867
236.05629,41260.2,Cu1O5N1C5H19,236.05599
236.07173,2324.1,Cu1O2N1C9H19,236.07126
236.91225,5880.0,Cu1O4N1C8,236.91231
236.92139,1685.5,Cu1O6N2C4H2,236.92086
236.92856,2181.7,Cu1O1N1C12,236.92758
237.00728,1774.7,Cu1O1N2C10H10,237.00895
237.00728,1774.7,Cu1O4N1C7H12,237.00627
237.04035,10427.3,Cu1O3N1C8H16,237.04268
237.04377,4315.7,Cu1O3N1C8H16,237.04268
237.0511,1815.5,Cu1O5N2C4H18,237.05123
237.06432,2268.3,Cu1O2N2C8H18,237.0665
237.06432,2268.3,Cu1O5N1C5H20,237.06382
237.07677,14706.0,Cu1O2N1C9H20,237.07909
237.07989,5355.1,Cu1O2N1C9H20,237.07909
237.96007,1667.8,Cu1O8N1C2H9,237.96242
238.03552,15878.9,Cu1O3N2C7H15,238.03792
238.03552,15878.9,Cu1O6N1C4H17,238.03524
238.05084,76692.7,Cu1O3N1C8H17,238.05051
238.07201,45514.9,Cu1O2N2C8H19,238.07433
238.91249,1576.2,Cu1O4N2C7,238.91538
238.91249,1576.2,Cu1O7N1C4H2,238.9127
238.91951,1672.6,Cu1O9N2H4,238.92125
238.92685,1635.4,Cu1O4N1C8H2,238.92797
238.9294,2112.4,Cu1O1N2C11,238.93065
238.9294,2112.4,Cu1O4N1C8H2,238.92797
238.96284,2141.8,Cu1O3N1C9H6,238.96438
239.00533,1840.5,Cu1O7N1C3H14,239.00666
239.02302,30484.8,Cu1O1N2C10H12,239.02461
239.02302,30484.8,Cu1O4N1C7H14,239.02193
239.02434,1874.6,Cu1O1N2C10H12,239.02461
239.03118,3214.8,Cu1O6N2C3H16,239.03048
239.03494,8474.5,Cu1O1N1C11H14,239.0372
239.03694,1795.5,Cu1O1N1C11H14,239.0372
239.04637,1794.2,Cu1O3N2C7H16,239.04575
239.05603,25483.8,Cu1O3N1C8H18,239.05834
239.05954,118016.9,Cu1O3N1C8H18,239.05834
239.06745,9489.3,Cu1O5N2C4H20,239.06689
239.96057,1723.1,Cu1O3N2C8H5,239.95962
239.97055,1830.5,Cu1O3N1C9H7,239.97221
239.99323,1672.8,Cu1O2N2C9H9,239.99603
239.99323,1672.8,Cu1O5N1C6H11,239.99335
239.99649,1924.2,Cu1O2N2C9H9,239.99603
240.00145,1777.1,Cu1O7N2C2H13,240.0019
240.01482,1994.6,Cu1O4N2C6H13,240.01717
240.01482,1994.6,Cu1O7N1C3H15,240.01449
240.01888,1866.4,Cu1O4N2C6H13,240.01717
240.03,4058.3,Cu1O1N2C10H13,240.03244
240.03,4058.3,Cu1O4N1C7H15,240.02976
240.05124,85277.0,Cu1O3N2C7H17,240.05358
240.05124,85277.0,Cu1O6N1C4H19,240.0509
240.05475,1684.1,Cu1O3N2C7H17,240.05358
240.06331,2077.9,Cu1O3N1C8H19,240.06617
240.06505,37482.8,Cu1O3N1C8H19,240.06617
240.06649,120509.7,Cu1O3N1C8H19,240.06617
241.00224,16552.7,Cu1O2N2C9H10,241.00386
241.00224,16552.7,Cu1O5N1C6H12,241.00118
241.02151,1722.2,Cu1O7N1C3H16,241.02232
241.03839,2037.5,Cu1O1N2C10H14,241.04027
241.03839,2037.5,Cu1O4N1C7H16,241.03759
241.04671,1641.2,Cu1O6N2C3H18,241.04614
241.05049,190715.1,Cu1O1N1C11H16,241.05286
241.07163,43115.6,Cu1O3N1C8H20,241.074
241.91214,1630.1,Cu1O5N1C7H1,241.91505
241.91985,1533.4,Cu1O10N1H5,241.92092
241.95552,1647.8,Cu1O1N2C11H3,241.95414
241.95552,1647.8,Cu1O9N1C1H9,241.95733
241.98146,1683.4,Cu1O8N2C1H11,241.98115
241.99225,1504.5,Cu1O8N1C2H13,241.99374
242.02165,1886.4,Cu1O2N1C10H13,242.02428
242.04575,254418.0,Cu1O1N2C10H15,242.0481
242.04575,254418.0,Cu1O4N1C7H17,242.04542
242.05167,1643.0,Cu1O6N2C3H19,242.05397
242.89517,1732.7,Cu1O8N2C2,242.89502
242.96106,9535.8,Cu1O1N2C11H4,242.96197
242.96106,9535.8,Cu1O4N1C8H6,242.95929
243.02972,49414.0,Cu1O2N1C10H14,243.03211
243.05095,3856.7,Cu1O4N1C7H18,243.05325
243.05469,1877.4,Cu1O1N2C10H16,243.05593
243.05469,1877.4,Cu1O4N1C7H18,243.05325
243.06614,55947.9,Cu1O1N1C11H18,243.06852
243.9299,1930.9,Cu1O5N1C7H3,243.93071
243.94644,1616.7,Cu1O2N1C11H3,243.94598
243.95389,3227.5,Cu1O4N2C7H5,243.95453
244.02489,4743.4,Cu1O2N2C9H13,244.02735
244.02489,4743.4,Cu1O5N1C6H15,244.02467
244.05911,1976.7,Cu1O4N1C7H19,244.06108
244.06142,60307.7,Cu1O1N2C10H17,244.06376
244.06142,60307.7,Cu1O4N1C7H19,244.06108
244.91795,1721.3,Cu1O3N1C10,244.9174
244.92235,1867.6,Cu1O8N1C3H4,244.92327
244.92604,1531.5,Cu1O5N2C6H2,244.92595
244.97491,1715.2,Cu1O1N2C11H6,244.97763
244.97491,1715.2,Cu1O4N1C8H8,244.97495
245.03659,1696.5,Cu1O2N2C9H14,245.03518
245.04536,18726.8,Cu1O2N1C10H16,245.04777
245.04875,4115.6,Cu1O2N1C10H16,245.04777
245.06662,9985.6,Cu1O4N1C7H20,245.06891
245.08179,26951.8,Cu1O1N1C11H20,245.08418
245.08356,1488.4,Cu1O1N1C11H20,245.08418
245.97636,1752.0,Cu1O9N2H11,245.97606
246.04073,12080.2,Cu1O2N2C9H15,246.04301
246.04073,12080.2,Cu1O5N1C6H17,246.04033
246.05325,1654.7,Cu1O2N1C10H17,246.0556
246.05409,1706.6,Cu1O2N1C10H17,246.0556
246.0771,12739.7,Cu1O1N2C10H19,246.07942
246.92114,1553.1,Cu1O3N2C9,246.92047
247.03598,3811.6,Cu1O5N2C5H16,247.03557
247.0368,1751.5,Cu1O5N2C5H16,247.03557
247.0611,20202.8,Cu1O2N1C10H18,247.06343
247.06445,33232.0,Cu1O2N1C10H18,247.06343
247.07053,1940.7,Cu1O4N2C6H20,247.07198
247.92438,1885.9,Cu1O6N1C6H3,247.92562
247.92633,2433.5,Cu1O3N2C9H1,247.9283
247.92633,2433.5,Cu1O6N1C6H3,247.92562
247.95088,1673.4,Cu1O5N2C6H5,247.94944
248.02116,1729.8,Cu1O3N2C8H13,248.02226
248.02116,1729.8,Cu1O6N1C5H15,248.01958
248.05631,15448.6,Cu1O2N2C9H17,248.05867
248.05631,15448.6,Cu1O5N1C6H19,248.05599
248.96686,1846.2,Cu1O5N1C7H8,248.96986
249.04047,6854.7,Cu1O3N1C9H16,249.04268
249.04379,12220.4,Cu1O3N1C9H16,249.04268
249.05118,1657.0,Cu1O5N2C5H18,249.05123
249.07679,28388.8,Cu1O2N1C10H20,249.07909
249.08005,20778.4,Cu1O2N1C10H20,249.07909
249.08092,2682.8,Cu1O2N1C10H20,249.07909
250.0183,1603.3,Cu1O1N2C11H11,250.01678
250.0183,1603.3,Cu1O9N1C1H17,250.01997
250.03537,2034.6,Cu1O3N2C8H15,250.03792
250.03537,2034.6,Cu1O6N1C5H17,250.03524
250.05077,2085.4,Cu1O3N1C9H17,250.05051
250.07198,29735.6,Cu1O2N2C9H19,250.07433
250.88609,2103.0,Cu1O10N2,250.88484
250.92738,2101.7,Cu1O4N1C9H2,250.92797
250.93784,1770.6,Cu1O6N2C5H4,250.93652
250.97197,2446.1,Cu1O5N2C6H8,250.97293
250.97197,2446.1,Cu1O8N1C3H10,250.97025
251.02267,1931.0,Cu1O1N2C11H12,251.02461
251.02267,1931.0,Cu1O4N1C8H14,251.02193
251.0352,1733.0,Cu1O1N1C12H14,251.0372
251.04572,1832.4,Cu1O3N2C8H16,251.04575
251.04649,1999.3,Cu1O3N2C8H16,251.04575
251.05601,26217.0,Cu1O3N1C9H18,251.05834
251.05841,1724.2,Cu1O3N1C9H18,251.05834
251.05936,40220.2,Cu1O3N1C9H18,251.05834
251.06573,2171.1,Cu1O5N2C5H20,251.06689
251.06747,1807.9,Cu1O5N2C5H20,251.06689
251.95592,1743.4,Cu1O6N1C6H7,251.95694
251.95906,2034.6,Cu1O3N2C9H5,251.95962
251.96251,1663.0,Cu1O8N2C2H9,251.96549
252.00804,2217.4,Cu1O2N1C11H11,252.00862
252.03941,1685.4,Cu1O6N2C4H17,252.03831
252.05134,10974.7,Cu1O3N2C8H17,252.05358
252.05134,10974.7,Cu1O6N1C5H19,252.0509
252.05516,1953.8,Cu1O3N2C8H17,252.05358
252.06432,80851.5,Cu1O3N1C9H19,252.06617
252.06648,35604.6,Cu1O3N1C9H19,252.06617
252.9369,1735.7,Cu1O9N2C1H6,252.93691
252.94862,1798.3,Cu1O9N1C2H8,252.9495
252.96375,1740.1,Cu1O6N1C6H8,252.96477
253.03491,1955.5,Cu1O4N1C8H16,253.03759
253.03858,26568.3,Cu1O1N2C11H14,253.04027
253.03858,26568.3,Cu1O4N1C8H16,253.03759
253.04645,17705.8,Cu1O6N2C4H18,253.04614
253.04785,2078.5,Cu1O6N2C4H18,253.04614
253.05051,30947.0,Cu1O1N1C12H16,253.05286
253.0573,1725.8,Cu1O6N1C5H20,253.05873
253.07187,17370.7,Cu1O3N1C9H20,253.074
253.07553,1948.5,Cu1O3N1C9H20,253.074
253.93886,1949.5,Cu1O4N2C8H3,253.93887
253.95576,1627.6,Cu1O1N2C12H3,253.95414
253.95576,1627.6,Cu1O9N1C2H9,253.95733
254.01132,1683.4,Cu1O2N2C10H11,254.01169
254.03117,3597.5,Cu1O4N2C7H15,254.03283
254.03117,3597.5,Cu1O7N1C4H17,254.03015
254.04607,1674.5,Cu1O1N2C11H15,254.0481
254.04607,1674.5,Cu1O4N1C8H17,254.04542
254.06132,6843.8,Cu1O1N1C12H17,254.06069
254.06692,42484.9,Cu1O3N2C8H19,254.06924
254.9483,1692.9,Cu1O4N2C8H4,254.9467
254.96909,1621.8,Cu1O6N2C5H8,254.96784
255.01796,5096.2,Cu1O2N2C10H12,255.01952
255.01796,5096.2,Cu1O5N1C7H14,255.01684
255.02583,1685.0,Cu1O7N2C3H16,255.02539
255.0298,1828.4,Cu1O2N1C11H14,255.03211
255.03745,1695.2,Cu1O7N1C4H18,255.03798
255.03873,1527.7,Cu1O4N2C7H16,255.04066
255.03873,1527.7,Cu1O7N1C4H18,255.03798
255.05064,4273.0,Cu1O4N1C8H18,255.05325
255.06614,177534.6,Cu1O1N1C12H18,255.06852
255.06976,1932.1,Cu1O1N1C12H18,255.06852
255.96436,1812.9,Cu1O4N1C9H7,255.96712
255.99042,1687.0,Cu1O3N2C9H9,255.99094
256.02173,3537.9,Cu1O5N1C7H15,256.02467
256.02505,1943.6,Cu1O2N2C10H13,256.02735
256.02505,1943.6,Cu1O5N1C7H15,256.02467
256.05836,6646.1,Cu1O4N1C8H19,256.06108
256.05991,1809.6,Cu1O4N1C8H19,256.06108
256.06139,232447.1,Cu1O1N2C11H17,256.06376
256.06139,232447.1,Cu1O4N1C8H19,256.06108
256.06328,10802.3,Cu1O1N2C11H17,256.06376
256.89926,1866.5,Cu1O6N1C7,256.90213
256.91214,2268.7,Cu1O8N2C3H2,256.91068
256.93991,1883.8,Cu1O2N2C11H2,256.94122
256.93991,1883.8,Cu1O5N1C8H4,256.93854
256.95566,1677.7,Cu1O2N1C12H4,256.95381
256.97818,1920.9,Cu1O1N2C12H6,256.97763
256.97818,1920.9,Cu1O9N1C2H12,256.98082
256.98026,1615.0,Cu1O9N1C2H12,256.98082
256.9975,6553.7,Cu1O3N2C9H10,256.99877
256.9975,6553.7,Cu1O6N1C6H12,256.99609
257.0332,2231.9,Cu1O2N2C10H14,257.03518
257.0332,2231.9,Cu1O5N1C7H16,257.0325
257.04303,1907.9,Cu1O7N2C3H18,257.04105
257.04543,139510.7,Cu1O2N1C11H16,257.04777
257.06653,5186.5,Cu1O4N1C8H20,257.06891
257.08182,46553.9,Cu1O1N1C12H20,257.08418
257.91962,2043.6,Cu1O8N2C3H3,257.91851
257.9971,1808.6,Cu1O1N1C13H9,257.99805
258.03842,2089.6,Cu1O5N1C7H17,258.04033
258.04062,24275.8,Cu1O2N2C10H15,258.04301
258.04062,24275.8,Cu1O5N1C7H17,258.04033
258.04916,2155.1,Cu1O7N2C3H19,258.04888
258.07693,23820.8,Cu1O1N2C11H19,258.07942
258.90433,1494.0,Cu1O6N2C6,258.9052
258.90433,1494.0,Cu1O9N1C3H2,258.90252
259.00589,1543.6,Cu1O1N1C13H10,259.00588
259.01328,1894.7,Cu1O3N2C9H12,259.01443
259.01328,1894.7,Cu1O6N1C6H14,259.01175
259.0246,2326.3,Cu1O3N1C10H14,259.02702
259.03592,2089.0,Cu1O5N2C6H16,259.03557
259.04611,1930.2,Cu1O5N1C7H18,259.04816
259.06109,29853.0,Cu1O2N1C11H18,259.06343
259.89539,2108.2,Cu1O9N2C2H1,259.89776
260.00803,1682.2,Cu1O6N2C5H13,260.00699
260.05636,15838.1,Cu1O2N2C10H17,260.05867
260.05636,15838.1,Cu1O5N1C7H19,260.05599
260.07138,1575.3,Cu1O2N1C11H19,260.07126
260.88019,1924.8,Cu1O10N1C2,260.88177
260.95465,2236.1,Cu1O5N2C7H6,260.95727
260.95465,2236.1,Cu1O8N1C4H8,260.95459
261.04088,6488.5,Cu1O3N1C10H16,261.04268
261.04379,9795.2,Cu1O3N1C10H16,261.04268
261.05002,1867.5,Cu1O5N2C6H18,261.05123
261.05002,1867.5,Cu1O8N1C3H20,261.04855
261.05133,1768.0,Cu1O5N2C6H18,261.05123
261.06757,1609.8,Cu1O2N2C10H18,261.0665
261.07676,28944.0,Cu1O2N1C11H20,261.07909
261.91812,1709.0,Cu1O4N1C10H1,261.92014
261.92398,1866.9,Cu1O9N1C3H5,261.92601
262.05102,12310.8,Cu1O3N1C10H17,262.05051
262.07203,13403.2,Cu1O2N2C10H19,262.07433
262.96243,2333.0,Cu1O3N1C11H6,262.96438
263.02475,1909.7,Cu1O1N2C12H12,263.02461
263.02475,1909.7,Cu1O9N1C2H18,263.0278
263.05617,8645.8,Cu1O3N1C10H18,263.05834
263.05774,2002.2,Cu1O3N1C10H18,263.05834
263.05929,47804.0,Cu1O3N1C10H18,263.05834
263.06653,1655.1,Cu1O5N2C6H20,263.06689
264.00714,1730.6,Cu1O2N1C12H11,264.00862
264.03113,1727.6,Cu1O1N2C12H13,264.03244
264.03113,1727.6,Cu1O4N1C9H15,264.02976
264.06482,1784.8,Cu1O3N1C10H19,264.06617
264.06643,9212.9,Cu1O3N1C10H19,264.06617
265.02023,1829.3,Cu1O7N1C5H16,265.02232
265.02271,1795.4,Cu1O4N2C8H14,265.025
265.02271,1795.4,Cu1O7N1C5H16,265.02232
265.03862,9687.0,Cu1O1N2C12H14,265.04027
265.03862,9687.0,Cu1O4N1C9H16,265.03759
265.04199,1593.8,Cu1O1N2C12H14,265.04027
265.04199,1593.8,Cu1O9N1C2H20,265.04346
265.04636,1648.6,Cu1O6N2C5H18,265.04614
265.048,2010.6,Cu1O6N2C5H18,265.04614
265.05052,7281.9,Cu1O1N1C13H16,265.05286
265.06345,2044.9,Cu1O3N2C9H18,265.06141
265.07162,20385.6,Cu1O3N1C10H20,265.074
265.07492,34930.9,Cu1O3N1C10H20,265.074
265.90741,2135.5,Cu1O10N2C1H3,265.90833
265.95956,1688.2,Cu1O6N2C6H7,265.96001
265.97949,1992.0,Cu1O8N2C3H11,265.98115
266.04227,1922.7,Cu1O4N1C9H17,266.04542
266.05338,1981.2,Cu1O6N2C5H19,266.05397
266.06699,7598.4,Cu1O3N2C9H19,266.06924
267.01886,2361.5,Cu1O2N2C11H12,267.01952
267.01886,2361.5,Cu1O5N1C8H14,267.01684
267.02902,1583.2,Cu1O2N1C12H14,267.03211
267.03992,1878.9,Cu1O4N2C8H16,267.04066
267.03992,1878.9,Cu1O7N1C5H18,267.03798
267.04532,2064.4,Cu1O9N2C1H20,267.04653
267.05424,17710.6,Cu1O1N2C12H16,267.05593
267.05424,17710.6,Cu1O4N1C9H18,267.05325
267.05597,1516.9,Cu1O1N2C12H16,267.05593
267.06363,2210.9,Cu1O6N2C5H20,267.0618
267.06614,45205.1,Cu1O1N1C13H18,267.06852
268.05923,295108.8,Cu1O4N1C9H19,268.06108
268.06133,21450.0,Cu1O1N2C12H17,268.06376
268.06133,21450.0,Cu1O4N1C9H19,268.06108
268.06223,3721.4,Cu1O1N2C12H17,268.06376
268.06223,3721.4,Cu1O4N1C9H19,268.06108
268.99094,1607.3,Cu1O1N1C14H8,268.99022
269.03085,1963.5,Cu1O5N1C8H16,269.0325
269.04138,4675.4,Cu1O7N2C4H18,269.04105
269.04522,4393.2,Cu1O2N1C12H16,269.04777
269.05252,2086.3,Cu1O7N1C5H20,269.05364
269.06639,4221.2,Cu1O4N1C9H20,269.06891
269.08176,152083.6,Cu1O1N1C13H20,269.08418
270.02255,1806.7,Cu1O8N1C4H17,270.02506
270.03879,3954.0,Cu1O5N1C8H17,270.04033
270.04045,8123.7,Cu1O2N2C11H15,270.04301
270.04045,8123.7,Cu1O5N1C8H17,270.04033
270.05626,58489.1,Cu1O2N1C12H17,270.0556
270.06201,1665.3,Cu1O4N2C8H19,270.06415
270.07705,155232.3,Cu1O1N2C12H19,270.07942
270.07996,1953.3,Cu1O1N2C12H19,270.07942
270.93079,1680.2,Cu1O3N1C12H2,270.93306
271.03589,1742.2,Cu1O5N2C7H16,271.03557
271.0376,1587.6,Cu1O5N2C7H16,271.03557
271.05005,1472.2,Cu1O2N2C11H16,271.05084
271.05005,1472.2,Cu1O5N1C8H18,271.04816
271.06104,145408.8,Cu1O2N1C12H18,271.06343
271.93533,1499.6,Cu1O8N2C4H5,271.93417
272.05412,7225.4,Cu1O5N1C8H19,272.05599
272.0564,44745.0,Cu1O2N2C11H17,272.05867
272.0564,44745.0,Cu1O5N1C8H19,272.05599
272.89572,1779.4,Cu1O7N1C7,272.89704
272.94281,1778.9,Cu1O8N2C4H6,272.942
272.97629,1777.6,Cu1O7N2C5H10,272.97841
272.97629,1777.6,Cu1O10N1C2H12,272.97573
273.04032,50268.6,Cu1O3N1C11H16,273.04268
273.06125,2053.5,Cu1O5N1C8H20,273.06382
273.06387,1688.4,Cu1O2N2C11H18,273.0665
273.06387,1688.4,Cu1O5N1C8H20,273.06382
273.0767,55755.2,Cu1O2N1C12H20,273.07909
273.95609,1964.7,Cu1O3N1C12H5,273.95655
273.96811,2188.5,Cu1O10N2C1H11,273.97097
274.00189,1880.4,Cu1O4N2C9H11,274.00151
274.03555,1594.0,Cu1O3N2C10H15,274.03792
274.03555,1594.0,Cu1O6N1C7H17,274.03524
274.04367,1602.1,Cu1O8N2C3H19,274.04379
274.04752,1878.8,Cu1O3N1C11H17,274.05051
274.07205,25626.5,Cu1O2N2C11H19,274.07433
275.02832,1784.3,Cu1O6N2C6H16,275.03048
275.02832,1784.3,Cu1O9N1C3H18,275.0278
275.03204,1831.6,Cu1O6N2C6H16,275.03048
275.03627,183781.2,Cu1O1N1C14H14,275.0372
275.05607,4501.1,Cu1O3N1C11H18,275.05834
275.06534,1800.0,Cu1O5N2C7H20,275.06689
275.06772,2157.0,Cu1O5N2C7H20,275.06689
275.07986,1831.9,Cu1O2N2C11H20,275.08216
275.91907,1768.3,Cu1O7N1C7H3,275.92053
275.95001,1906.9,Cu1O1N1C15H3,275.95107
276.03573,4822.5,Cu1O6N2C6H17,276.03831
276.03573,4822.5,Cu1O9N1C3H19,276.03563
276.0514,7073.1,Cu1O3N2C10H17,276.05358
276.0514,7073.1,Cu1O6N1C7H19,276.0509
276.89017,1982.0,Cu1O8N1C6,276.89195
276.89798,1780.9,Cu1O10N2C2H2,276.9005
276.94281,1884.4,Cu1O4N1C11H4,276.94363
276.96332,1707.6,Cu1O6N1C8H8,276.96477
277.02939,1560.2,Cu1O9N2C2H18,277.03087
277.03888,6810.9,Cu1O1N2C13H14,277.04027
277.03888,6810.9,Cu1O4N1C10H16,277.03759
277.07157,22955.3,Cu1O3N1C11H20,277.074
277.07266,1613.2,Cu1O3N1C11H20,277.074
277.07558,3615.9,Cu1O3N1C11H20,277.074
277.91205,2114.3,Cu1O5N1C10H1,277.91505
277.97501,1726.0,Cu1O3N2C11H7,277.97528
278.05295,1558.9,Cu1O6N2C6H19,278.05397
278.06692,8999.0,Cu1O3N2C10H19,278.06924
278.95215,1621.8,Cu1O9N2C3H8,278.95257
278.97293,1436.1,Cu1O1N1C15H6,278.97456
278.99448,2154.5,Cu1O3N1C12H10,278.9957
279.00873,1771.4,Cu1O10N2C1H16,279.01012
279.03067,1793.8,Cu1O2N1C13H14,279.03211
279.03375,1772.7,Cu1O2N1C13H14,279.03211
279.0347,1858.3,Cu1O7N1C6H18,279.03798
279.05115,6580.5,Cu1O4N1C10H18,279.05325
279.05243,1880.9,Cu1O4N1C10H18,279.05325
279.05427,214095.8,Cu1O1N2C13H16,279.05593
279.05427,214095.8,Cu1O4N1C10H18,279.05325
279.06616,45226.4,Cu1O1N1C14H18,279.06852
279.92596,1667.7,Cu1O10N2C2H5,279.92399
279.98459,1949.8,Cu1O1N1C15H7,279.98239
280.05938,12455.1,Cu1O4N1C10H19,280.06108
280.89951,1735.7,Cu1O6N1C9,280.90213
280.93237,1873.3,Cu1O10N2C2H6,280.93182
280.93344,1898.7,Cu1O10N2C2H6,280.93182
280.97333,1715.7,Cu1O4N1C11H8,280.97495
280.99478,379644.1,Cu1O6N1C8H12,280.99609
281.03347,7250.2,Cu1O2N2C12H14,281.03518
281.03347,7250.2,Cu1O5N1C9H16,281.0325
281.0412,2040.4,Cu1O7N2C5H18,281.04105
281.04556,4918.0,Cu1O2N1C13H16,281.04777
281.05786,2102.8,Cu1O4N2C9H18,281.05632
281.06659,2226.5,Cu1O4N1C10H20,281.06891
281.06994,112474.3,Cu1O1N2C13H18,281.07159
281.06994,112474.3,Cu1O4N1C10H20,281.06891
281.0818,61907.7,Cu1O1N1C14H20,281.08418
281.94327,1871.1,Cu1O5N1C10H5,281.94637
281.98892,1653.2,Cu1O6N2C7H11,281.99133
281.98892,1653.2,Cu1O9N1C4H13,281.98865
282.01129,1808.3,Cu1O8N2C4H15,282.01247
282.03082,1799.4,Cu1O10N2C1H19,282.03361
282.0386,1717.3,Cu1O5N1C9H17,282.04033
282.06143,2240.2,Cu1O4N2C9H19,282.06415
282.06369,1520.3,Cu1O4N2C9H19,282.06415
282.07713,12021.3,Cu1O1N2C13H19,282.07942
282.07904,6513.8,Cu1O1N2C13H19,282.07942
282.97003,1632.2,Cu1O2N1C14H6,282.96947
282.98251,2024.5,Cu1O9N2C3H12,282.98389
282.98877,1928.1,Cu1O4N1C11H10,282.99061
282.99017,1661.5,Cu1O1N2C14H8,282.99329
282.99017,1661.5,Cu1O4N1C11H10,282.99061
283.02713,1685.9,Cu1O3N1C12H14,283.02702
283.04727,1914.6,Cu1O5N1C9H18,283.04816
283.04883,3891.3,Cu1O2N2C12H16,283.05084
283.04883,3891.3,Cu1O5N1C9H18,283.04816
283.05727,13421.1,Cu1O7N2C5H20,283.05671
283.06109,45419.2,Cu1O2N1C13H18,283.06343
283.06522,1821.3,Cu1O2N1C13H18,283.06343
284.00302,2257.8,Cu1O1N2C14H9,284.00112
284.00302,2257.8,Cu1O9N1C4H15,284.00431
284.00793,2067.3,Cu1O6N2C7H13,284.00699
284.03967,2056.6,Cu1O8N1C5H19,284.04072
284.04452,7298.0,Cu1O5N2C8H17,284.0434
284.05416,13721.9,Cu1O5N1C9H19,284.05599
284.05617,6034.0,Cu1O2N2C12H17,284.05867
284.05617,6034.0,Cu1O5N1C9H19,284.05599
284.07187,23594.8,Cu1O2N1C13H19,284.07126
284.07343,1912.3,Cu1O2N1C13H19,284.07126
284.9671,1831.4,Cu1O5N1C10H8,284.96986
284.97107,1764.6,Cu1O2N2C13H6,284.97254
284.97107,1764.6,Cu1O5N1C10H8,284.96986
284.98221,1567.2,Cu1O2N1C14H8,284.98513
285.03613,2455.8,Cu1O8N2C4H18,285.03596
285.04056,4748.3,Cu1O3N1C12H16,285.04268
285.04422,2122.8,Cu1O3N1C12H16,285.04268
285.0614,1877.4,Cu1O5N1C9H20,285.06382
285.06805,1723.9,Cu1O2N2C12H18,285.0665
285.07674,117830.3,Cu1O2N1C13H20,285.07909
285.90717,1994.5,Cu1O7N1C8H1,285.90487
285.9563,1670.0,Cu1O3N1C13H5,285.95655
286.00549,2364.6,Cu1O9N2C3H15,286.00738
286.02902,1508.0,Cu1O1N1C15H13,286.02937
286.03563,4641.2,Cu1O3N2C11H15,286.03792
286.03563,4641.2,Cu1O6N1C8H17,286.03524
286.07201,50288.0,Cu1O2N2C12H19,286.07433
287.05069,1526.8,Cu1O8N2C4H20,287.05162
287.05599,43769.8,Cu1O3N1C12H18,287.05834
287.05884,2017.0,Cu1O3N1C12H18,287.05834
287.92096,2272.5,Cu1O4N2C11H1,287.92321
287.92096,2272.5,Cu1O7N1C8H3,287.92053
287.95709,1584.4,Cu1O3N2C12H5,287.95962
287.95709,1584.4,Cu1O6N1C9H7,287.95694
288.01889,1566.1,Cu1O4N2C10H13,288.01717
288.91223,2383.6,Cu1O10N1C4H4,288.91309
288.94952,1684.1,Cu1O6N2C8H6,288.95218
288.94952,1684.1,Cu1O9N1C5H8,288.9495
288.99954,1775.3,Cu1O5N1C10H12,289.00118
289.02896,1838.4,Cu1O9N2C3H18,289.03087
289.04321,1669.7,Cu1O6N2C7H18,289.04614
289.04321,1669.7,Cu1O9N1C4H20,289.04346
289.07162,19081.8,Cu1O3N1C12H20,289.074
289.07367,1983.1,Cu1O3N1C12H20,289.074
289.94836,1737.2,Cu1O4N1C12H5,289.95146
289.96054,2121.3,Cu1O6N2C8H7,289.96001
290.03022,4551.5,Cu1O4N2C10H15,290.03283
290.03022,4551.5,Cu1O7N1C7H17,290.03015
290.067,16211.2,Cu1O3N2C11H19,290.06924
291.02606,2841.1,Cu1O7N2C6H16,291.02539
291.06293,2080.3,Cu1O6N2C7H20,291.0618
291.06615,16824.0,Cu1O1N1C15H18,291.06852
291.89987,1857.0,Cu1O8N2C6H1,291.90285
291.92584,1928.2,Cu1O10N2C3H5,291.92399
292.01456,1833.5,Cu1O10N2C2H17,292.01795
292.0491,1571.9,Cu1O4N2C10H17,292.04849
292.0616,6636.7,Cu1O1N2C14H17,292.06376
292.0616,6636.7,Cu1O4N1C11H19,292.06108
292.06433,1767.7,Cu1O1N2C14H17,292.06376
292.90909,1494.4,Cu1O8N2C6H2,292.91068
292.9631,1809.1,Cu1O4N2C11H6,292.96236
292.96747,1982.0,Cu1O9N2C4H10,292.96823
293.01043,46263.4,Cu1O3N1C13H12,293.01136
293.03391,2177.6,Cu1O2N2C13H14,293.03518
293.03391,2177.6,Cu1O5N1C10H16,293.0325
293.04578,1951.7,Cu1O2N1C14H16,293.04777
293.06646,9439.2,Cu1O4N1C11H20,293.06891
293.08196,34936.8,Cu1O1N1C15H20,293.08418
294.04477,2127.3,Cu1O2N2C13H15,294.04301
294.04709,1743.6,Cu1O7N2C6H19,294.04888
294.06172,13084.3,Cu1O4N2C10H19,294.06415
294.06284,2127.9,Cu1O4N2C10H19,294.06415
294.06532,3042161.0,Cu1O4N2C10H19,294.06415
294.07721,2015.8,Cu1O1N2C14H19,294.07942
294.98935,2024.7,Cu1O4N1C12H10,294.99061
295.00153,1804.1,Cu1O6N2C8H12,294.99916
295.00748,2518.7,Cu1O1N1C16H10,295.00588
295.04909,36288.7,Cu1O2N2C13H16,295.05084
295.04909,36288.7,Cu1O5N1C10H18,295.04816
295.06099,14111.0,Cu1O2N1C14H18,295.06343
295.06385,5723.6,Cu1O2N1C14H18,295.06343
295.0685,211605.0,Cu1O4N2C10H20,295.07198
295.08558,6608.5,Cu1O1N2C14H20,295.08725
295.9379,1971.4,Cu1O3N1C14H3,295.94089
295.97607,1801.2,Cu1O2N1C15H7,295.9773
295.97729,1807.9,Cu1O2N1C15H7,295.9773
295.99677,1571.1,Cu1O4N1C12H11,295.99844
296.00815,1772.8,Cu1O6N2C8H13,296.00699
296.0249,2087.7,Cu1O8N2C5H17,296.02813
296.02698,2104.9,Cu1O8N2C5H17,296.02813
296.04449,1503913.8,Cu1O5N2C9H17,296.0434
296.05404,15465.9,Cu1O5N1C10H19,296.05599
296.05664,1957.6,Cu1O2N2C13H17,296.05867
296.05664,1957.6,Cu1O5N1C10H19,296.05599
296.05896,2147.2,Cu1O2N2C13H17,296.05867
296.06089,46074.7,Cu1O2N2C13H17,296.05867
296.06948,4701.6,Cu1O2N1C14H19,296.07126
296.90515,1617.1,Cu1O9N2C5H2,296.90559
296.92493,1893.5,Cu1O1N1C17,296.92758
296.96045,1656.7,Cu1O10N2C3H10,296.96314
296.96881,3377.6,Cu1O5N1C11H8,296.96986
296.99258,1855.5,Cu1O4N2C11H10,296.99368
296.99258,1855.5,Cu1O7N1C8H12,296.991
297.00479,1901.6,Cu1O4N1C12H12,297.00627
297.00983,1711.2,Cu1O1N2C15H10,297.00895
297.00983,1711.2,Cu1O9N1C5H16,297.01214
297.02869,1723.1,Cu1O3N2C12H14,297.03009
297.02869,1723.1,Cu1O6N1C9H16,297.02741
297.03207,1783.3,Cu1O3N2C12H14,297.03009
297.04053,1762.1,Cu1O3N1C13H16,297.04268
297.04187,1747.4,Cu1O3N1C13H16,297.04268
297.04702,196612.6,Cu1O8N1C6H20,297.04855
297.04837,12961.7,Cu1O5N2C9H18,297.05123
297.04837,12961.7,Cu1O8N1C6H20,297.04855
297.06483,80371.2,Cu1O2N2C13H18,297.0665
297.06483,80371.2,Cu1O5N1C10H20,297.06382
297.07669,40620.6,Cu1O2N1C14H20,297.07909
297.93484,1720.3,Cu1O1N1C17H1,297.93541
297.98843,1708.7,Cu1O7N2C7H11,297.98624
298.03522,1818.1,Cu1O3N2C12H15,298.03792
298.03522,1818.1,Cu1O6N1C9H17,298.03524
298.04045,8681.0,Cu1O8N2C5H19,298.04379
298.04916,1862.3,Cu1O3N1C13H17,298.05051
298.05066,2386.4,Cu1O3N1C13H17,298.05051
298.05899,1682.8,Cu1O5N2C9H19,298.05906
298.07224,7515.9,Cu1O2N2C13H19,298.07433
298.96906,1722.3,Cu1O8N1C7H10,298.97025
299.02109,1500.0,Cu1O1N2C15H12,299.02461
299.02109,1500.0,Cu1O4N1C12H14,299.02193
299.02628,16766.7,Cu1O1N2C15H12,299.02461
299.02628,16766.7,Cu1O9N1C5H18,299.0278
299.04411,17363.2,Cu1O3N2C12H16,299.04575
299.04411,17363.2,Cu1O6N1C9H18,299.04307
299.05613,5759.1,Cu1O3N1C13H18,299.05834
299.05826,1813.6,Cu1O3N1C13H18,299.05834
299.06396,1901.1,Cu1O5N2C9H20,299.06689
299.96405,1637.1,Cu1O8N2C6H9,299.96549
300.00286,3489.5,Cu1O7N2C7H13,300.0019
300.03928,6546.8,Cu1O6N2C8H17,300.03831
300.05116,4468.7,Cu1O3N2C12H17,300.05358
300.05116,4468.7,Cu1O6N1C9H19,300.0509
300.05383,1643.7,Cu1O3N2C12H17,300.05358
300.06679,220086.3,Cu1O3N1C13H19,300.06617
300.9198,1855.5,Cu1O2N1C16,300.92249
301.04651,1846.5,Cu1O6N2C8H18,301.04614
301.04971,2600.0,Cu1O1N1C16H16,301.05286
301.05505,1719.3,Cu1O1N1C16H16,301.05286
301.07154,50922.8,Cu1O3N1C13H20,301.074
301.90637,1730.9,Cu1O10N2C4H3,301.90833
301.97781,1596.6,Cu1O8N2C6H11,301.98115
302.01847,8239.8,Cu1O7N2C7H15,302.01756
302.03898,3931.4,Cu1O9N2C4H19,302.0387
302.06679,7990.5,Cu1O3N2C12H19,302.06924
302.93939,1719.6,Cu1O2N1C16H2,302.93815
302.94363,1820.2,Cu1O4N2C12H4,302.9467
302.94363,1820.2,Cu1O7N1C9H6,302.94402
302.94855,4287.9,Cu1O4N2C12H4,302.9467
302.95193,1845.3,Cu1O9N2C5H8,302.95257
302.97666,19933.7,Cu1O1N1C17H6,302.97456
303.02222,2077.1,Cu1O7N2C7H16,303.02539
303.02222,2077.1,Cu1O10N1C4H18,303.02271
303.06238,5958.2,Cu1O6N2C8H20,303.0618
303.06607,2176.4,Cu1O1N1C16H18,303.06852
303.93066,2023.6,Cu1O2N2C15H1,303.93339
303.93066,2023.6,Cu1O5N1C12H3,303.93071
303.94269,1625.4,Cu1O2N1C16H3,303.94598
303.99249,1769.0,Cu1O3N2C13H9,303.99094
304.00989,2069.1,Cu1O5N2C10H13,304.01208
304.00989,2069.1,Cu1O8N1C7H15,304.0094
304.0611,2002.6,Cu1O1N2C15H17,304.06376
304.0611,2002.6,Cu1O4N1C12H19,304.06108
304.95541,1685.4,Cu1O2N1C16H4,304.95381
305.01886,1758.8,Cu1O5N2C10H14,305.01991
305.01886,1758.8,Cu1O8N1C7H16,305.01723
305.05765,1998.1,Cu1O4N2C11H18,305.05632
305.06628,2092.3,Cu1O4N1C12H20,305.06891
305.07199,2106.7,Cu1O1N2C15H18,305.07159
305.08172,10292.8,Cu1O1N1C16H20,305.08418
306.06172,3693.7,Cu1O4N2C11H19,306.06415
306.07718,3987.5,Cu1O1N2C15H19,306.07942
306.90701,14408.7,Cu1O6N2C10,306.9052
306.96271,1844.1,Cu1O7N2C8H8,306.96275
307.02607,10489.9,Cu1O3N1C14H14,307.02702
307.06076,5724.6,Cu1O2N1C15H18,307.06343
307.06198,2284.4,Cu1O2N1C15H18,307.06343
307.07407,1809.0,Cu1O4N2C11H20,307.07198
307.08524,2098.3,Cu1O1N2C15H20,307.08725
308.01678,1785.3,Cu1O6N1C10H15,308.01958
308.02572,3778.2,Cu1O8N2C6H17,308.02813
308.04092,1903.6,Cu1O5N2C10H17,308.0434
308.04092,1903.6,Cu1O8N1C7H19,308.04072
308.04421,11736.2,Cu1O5N2C10H17,308.0434
308.06046,1870.0,Cu1O2N2C14H17,308.05867
308.90332,2117.7,Cu1O9N2C6H2,308.90559
308.91058,1869.9,Cu1O4N1C14,308.91231
308.93018,2092.9,Cu1O6N1C11H4,308.93345
308.96793,1972.2,Cu1O5N1C12H8,308.96986
309.00522,6374.0,Cu1O4N1C13H12,309.00627
309.04388,1943.8,Cu1O3N1C14H16,309.04268
309.06171,3049.2,Cu1O5N1C11H20,309.06382
309.06445,1527.3,Cu1O2N2C14H18,309.0665
309.06445,1527.3,Cu1O5N1C11H20,309.06382
309.0675,2020.2,Cu1O2N2C14H18,309.0665
309.07655,22431.5,Cu1O2N1C15H20,309.07909
309.90242,3467.8,Cu1O7N1C10H1,309.90487
309.94131,1838.7,Cu1O3N2C14H3,309.94396
309.94131,1838.7,Cu1O6N1C11H5,309.94128
309.94788,1766.4,Cu1O8N2C7H7,309.94983
309.95132,1876.4,Cu1O8N2C7H7,309.94983
310.00812,1684.1,Cu1O9N2C5H15,310.00738
310.0601,140003.7,Cu1O5N2C10H19,310.05906
310.9469,1689.3,Cu1O6N1C11H6,310.94911
310.95148,1651.7,Cu1O3N2C14H4,310.95179
310.95148,1651.7,Cu1O6N1C11H6,310.94911
310.98451,33907.7,Cu1O5N1C12H10,310.98552
310.99588,1659.6,Cu1O7N2C8H12,310.99407
311.02512,1902.7,Cu1O1N2C16H12,311.02461
311.02512,1902.7,Cu1O9N1C6H18,311.0278
311.04427,4274.8,Cu1O3N2C13H16,311.04575
311.04427,4274.8,Cu1O6N1C10H18,311.04307
311.05081,2025.8,Cu1O8N2C6H20,311.05162
311.05635,6304.1,Cu1O3N1C14H18,311.05834
311.05807,1986.8,Cu1O3N1C14H18,311.05834
311.06516,2035.1,Cu1O5N2C10H20,311.06689
311.07858,2007.9,Cu1O2N2C14H20,311.08216
311.91013,2015.6,Cu1O7N2C9H1,311.90794
311.95554,1582.1,Cu1O6N1C11H7,311.95694
312.02336,3031.6,Cu1O9N2C5H17,312.02304
312.0394,22184.4,Cu1O6N2C9H17,312.03831
312.04897,5667.5,Cu1O6N1C10H19,312.0509
312.99164,1868.6,Cu1O10N2C4H14,312.99446
313.04181,2119.7,Cu1O1N2C16H14,313.04027
313.04181,2119.7,Cu1O9N1C6H20,313.04346
313.0618,1801.0,Cu1O3N2C13H18,313.06141
313.07161,104947.0,Cu1O3N1C14H20,313.074
313.07318,9640.3,Cu1O3N1C14H20,313.074
313.90231,1868.6,Cu1O8N1C9H1,313.89978
313.92325,1773.4,Cu1O7N2C9H3,313.9236
313.92325,1773.4,Cu1O10N1C6H5,313.92092
313.92737,1750.8,Cu1O2N1C17H1,313.93032
313.96051,1689.6,Cu1O6N2C10H7,313.96001
313.9929,3458.5,Cu1O5N2C11H11,313.99642
313.9929,3458.5,Cu1O8N1C8H13,313.99374
314.05176,2343.2,Cu1O6N2C9H19,314.05397
314.05527,1701.1,Cu1O6N2C9H19,314.05397
314.06671,4127.7,Cu1O3N2C13H19,314.06924
314.0679,1865.1,Cu1O3N2C13H19,314.06924
314.93454,1732.0,Cu1O2N1C17H2,314.93815
315.02905,1797.5,Cu1O2N1C16H14,315.03211
315.05081,3976.4,Cu1O4N1C13H18,315.05325
315.05606,1435.0,Cu1O1N2C16H16,315.05593
315.06403,1913.9,Cu1O6N2C9H20,315.0618
315.06619,1758.2,Cu1O1N1C17H18,315.06852
315.06995,1690.9,Cu1O1N1C17H18,315.06852
315.90109,1784.5,Cu1O8N2C8H1,315.90285
315.92993,1481.7,Cu1O2N2C16H1,315.93339
315.92993,1481.7,Cu1O5N1C13H3,315.93071
315.96509,1595.8,Cu1O4N1C14H7,315.96712
316.02008,1708.4,Cu1O10N2C4H17,316.01795
316.03409,2403.9,Cu1O7N2C8H17,316.03322
316.04318,1745.7,Cu1O7N1C9H19,316.04581
316.06125,1703.4,Cu1O1N2C16H17,316.06376
316.06125,1703.4,Cu1O4N1C13H19,316.06108
317.06631,6721.8,Cu1O4N1C13H20,317.06891
317.08099,2000.6,Cu1O1N1C17H20,317.08418
317.98123,1965.1,Cu1O4N1C14H9,317.98278
318.05002,2915.6,Cu1O7N2C8H19,318.04888
318.05447,1937.5,Cu1O2N1C16H17,318.0556
318.061,1704.1,Cu1O4N2C12H19,318.06415
318.077,2199.6,Cu1O1N2C16H19,318.07942
318.07904,2181.5,Cu1O1N2C16H19,318.07942
318.9465,2205.1,Cu1O10N2C5H8,318.94748
318.96225,1824.0,Cu1O7N2C9H8,318.96275
318.96225,1824.0,Cu1O10N1C6H10,318.96007
318.96848,1523.5,Cu1O2N1C17H6,318.96947
319.00037,2071.9,Cu1O6N2C10H12,318.99916
319.01376,1926.1,Cu1O3N2C14H12,319.01443
319.01376,1926.1,Cu1O6N1C11H14,319.01175
319.04507,1688.4,Cu1O5N1C12H18,319.04816
319.06142,4126.4,Cu1O2N1C16H18,319.06343
319.89899,1502.5,Cu1O9N2C7H1,319.89776
319.98666,1722.2,Cu1O4N2C13H9,319.98585
319.99753,1775.2,Cu1O1N2C17H9,320.00112
319.99753,1775.2,Cu1O4N1C14H11,319.99844
320.04477,1704.7,Cu1O5N2C11H17,320.0434
320.9223,2066.9,Cu1O6N2C11H2,320.92086
321.03906,1524.8,Cu1O3N1C15H16,321.04268
322.03568,1879.9,Cu1O3N2C14H15,322.03792
322.03568,1879.9,Cu1O6N1C11H17,322.03524
323.02087,2323.2,Cu1O1N2C17H12,323.02461
323.02087,2323.2,Cu1O4N1C14H14,323.02193
323.0401,1820.7,Cu1O6N1C11H18,323.04307
323.07947,1743.8,Cu1O2N2C15H20,323.08216
323.96472,2021.8,Cu1O8N2C8H9,323.96549
324.0392,6648.5,Cu1O6N2C10H17,324.03831
324.04688,1671.2,Cu1O1N1C18H15,324.04503
324.05505,1634.9,Cu1O3N2C14H17,324.05358
324.91696,1749.4,Cu1O7N2C10H2,324.91577
324.99991,3952.9,Cu1O5N1C13H12,325.00118
325.07164,5261.2,Cu1O3N1C15H20,325.074
325.99231,3103.5,Cu1O8N1C9H13,325.99374
326.05494,328294.4,Cu1O6N2C10H19,326.05397
327.05831,10994.8,Cu1O1N2C17H16,327.05593
327.05831,10994.8,Cu1O6N2C10H20,327.0618
327.05985,13954.5,Cu1O6N2C10H20,327.0618
327.0675,1939.8,Cu1O1N1C18H18,327.06852
327.98874,1865.9,Cu1O3N2C15H9,327.99094
327.98874,1865.9,Cu1O6N1C12H11,327.98826
328.0462,2491.0,Cu1O4N2C13H17,328.04849
328.0462,2491.0,Cu1O7N1C10H19,328.04581
328.07413,2152.4,Cu1O1N1C18H19,328.07635
328.90048,1761.8,Cu1O6N1C13,328.90213
328.95078,2079.8,Cu1O2N1C18H4,328.95381
328.97464,1809.4,Cu1O1N2C18H6,328.97763
328.97464,1809.4,Cu1O4N1C15H8,328.97495
328.98074,1874.5,Cu1O6N2C11H10,328.9835
328.98074,1874.5,Cu1O9N1C8H12,328.98082
329.06639,8881.7,Cu1O4N1C14H20,329.06891
329.95099,1669.7,Cu1O2N2C17H3,329.94905
329.95099,1669.7,Cu1O10N1C7H9,329.95224
329.97546,1772.0,Cu1O9N2C7H11,329.97606
330.03769,1887.4,Cu1O5N1C13H17,330.04033
330.04992,16713.2,Cu1O7N2C9H19,330.04888
330.08017,1527.4,Cu1O1N2C17H19,330.07942
330.99899,1802.7,Cu1O6N2C11H12,330.99916
330.99899,1802.7,Cu1O9N1C8H14,330.99648
331.01489,1812.0,Cu1O3N2C15H12,331.01443
331.05286,2044.9,Cu1O2N2C16H16,331.05084
331.05286,2044.9,Cu1O7N2C9H20,331.05671
331.05524,1795.8,Cu1O7N2C9H20,331.05671
331.07246,40860.4,Cu1O4N2C13H20,331.07198
331.9541,1909.2,Cu1O10N2C6H9,331.95531
331.97272,1807.2,Cu1O7N2C10H9,331.97058
332.01617,1686.4,Cu1O1N1C19H11,332.01371
332.01617,1686.4,Cu1O6N1C12H15,332.01958
332.02304,1747.3,Cu1O3N2C15H13,332.02226
332.06808,1677.4,Cu1O2N1C17H19,332.07126
332.96518,1791.2,Cu1O10N2C6H10,332.96314
333.02371,2004.6,Cu1O1N1C19H12,333.02154
333.02371,2004.6,Cu1O6N1C12H16,333.02741
333.02759,1653.4,Cu1O3N2C15H14,333.03009
333.02759,1653.4,Cu1O6N1C12H16,333.02741
333.03079,1837.3,Cu1O3N2C15H14,333.03009
333.04959,1607.2,Cu1O5N2C12H18,333.05123
333.04959,1607.2,Cu1O8N1C9H20,333.04855
333.07669,4048.7,Cu1O2N1C17H20,333.07909
333.93076,1705.9,Cu1O6N2C12H3,333.92869
333.97833,1714.8,Cu1O2N2C17H7,333.98037
333.97833,1714.8,Cu1O5N1C14H9,333.97769
333.9855,1932.5,Cu1O7N2C10H11,333.98624
333.9855,1932.5,Cu1O10N1C7H13,333.98356
334.95105,1742.7,Cu1O3N2C16H4,334.95179
334.95105,1742.7,Cu1O6N1C13H6,334.94911
335.04099,2161.7,Cu1O6N1C12H18,335.04307
336.00946,1742.5,Cu1O2N1C18H11,336.00862
336.95233,1967.9,Cu1O6N2C12H6,336.95218
337.04871,1945.3,Cu1O6N2C11H18,337.04614
337.05978,1858.7,Cu1O3N2C15H18,337.06141
337.05978,1858.7,Cu1O6N1C12H20,337.05873
338.00793,2017.8,Cu1O2N2C17H11,338.01169
338.00793,2017.8,Cu1O5N1C14H13,338.00901
339.01578,2042.6,Cu1O2N2C17H12,339.01952
339.01578,2042.6,Cu1O5N1C14H14,339.01684
339.03458,1864.2,Cu1O2N1C18H14,339.03211
339.03458,1864.2,Cu1O7N1C11H18,339.03798
339.05875,1832.2,Cu1O1N2C18H16,339.05593
339.05875,1832.2,Cu1O6N2C11H20,339.0618
339.06918,2234.0,Cu1O1N1C19H18,339.06852
339.07755,1807.3,Cu1O3N2C15H20,339.07707
339.93701,2018.7,Cu1O7N2C11H5,339.93926
339.93701,2018.7,Cu1O10N1C8H7,339.93658
340.03414,56151.3,Cu1O7N2C10H17,340.03322
341.02612,1857.0,Cu1O10N2C6H18,341.02578
342.0466,2599.9,Cu1O7N2C10H19,342.04888
342.04985,2136113.8,Cu1O7N2C10H19,342.04888
342.05274,5289.7,Cu1O2N1C18H17,342.0556
343.00296,1846.5,Cu1O1N1C20H10,343.00588
343.02411,1742.2,Cu1O3N1C17H14,343.02702
343.04858,1718.9,Cu1O2N2C17H16,343.05084
343.04858,1718.9,Cu1O5N1C14H18,343.04816
343.05289,117675.4,Cu1O2N2C17H16,343.05084
343.05289,117675.4,Cu1O7N2C10H20,343.05671
343.05503,103451.0,Cu1O7N2C10H20,343.05671
344.0293,1980.5,Cu1O8N2C9H17,344.02813
344.04567,23481.5,Cu1O5N2C13H17,344.0434
344.05422,5699.0,Cu1O5N1C14H19,344.05599
344.89841,1754.3,Cu1O7N1C13,344.89704
344.96313,1888.0,Cu1O10N2C7H10,344.96314
345.05174,19107.0,Cu1O5N2C13H18,345.05123
345.90573,1588.3,Cu1O7N1C13H1,345.90487
346.0437,2102.8,Cu1O8N2C9H19,346.04379
346.04514,1859.5,Cu1O8N2C9H19,346.04379
346.94913,1803.4,Cu1O3N2C17H4,346.95179
346.94913,1803.4,Cu1O6N1C14H6,346.94911
347.02155,2031.9,Cu1O1N2C19H12,347.02461
347.02155,2031.9,Cu1O4N1C16H14,347.02193
347.04129,2177.1,Cu1O6N1C13H18,347.04307
347.06409,2003.6,Cu1O5N2C13H20,347.06689
347.06734,51427.8,Cu1O5N2C13H20,347.06689
347.0812,3681.6,Cu1O2N2C17H20,347.08216
347.90582,1983.9,Cu1O7N2C12H1,347.90794
347.90582,1983.9,Cu1O10N1C9H3,347.90526
347.9248,2047.6,Cu1O4N2C16H1,347.92321
348.00629,1636.6,Cu1O2N1C19H11,348.00862
348.89856,1573.2,Cu1O10N2C8H2,348.9005
348.96133,2139.8,Cu1O6N1C14H8,348.96477
349.03817,4012.2,Cu1O1N2C19H14,349.04027
349.03817,4012.2,Cu1O4N1C16H16,349.03759
349.05483,156270.2,Cu1O1N1C20H16,349.05286
349.05483,156270.2,Cu1O6N1C13H20,349.05873
349.0585,2034.1,Cu1O3N2C16H18,349.06141
349.0585,2034.1,Cu1O6N1C13H20,349.05873
349.0636,1784.4,Cu1O3N2C16H18,349.06141
349.07492,2192.8,Cu1O3N1C17H20,349.074
349.94107,1547.3,Cu1O4N2C16H3,349.93887
349.94107,1547.3,Cu1O9N2C9H7,349.94474
349.95752,2291.7,Cu1O6N2C13H7,349.96001
349.95752,2291.7,Cu1O9N1C10H9,349.95733
350.05445,8992.1,Cu1O6N2C12H19,350.05397
350.98471,1863.9,Cu1O3N2C17H8,350.98311
351.02078,2058.6,Cu1O2N2C18H12,351.01952
351.02078,2058.6,Cu1O10N1C8H18,351.02271
351.03443,14335.8,Cu1O2N1C19H14,351.03211
351.03443,14335.8,Cu1O7N1C12H18,351.03798
351.04349,2295.2,Cu1O4N2C15H16,351.04066
351.04349,2295.2,Cu1O9N2C8H20,351.04653
351.05186,28145.1,Cu1O4N1C16H18,351.05325
351.06229,2131.1,Cu1O6N2C12H20,351.0618
351.06476,1718.1,Cu1O1N1C20H18,351.06852
351.06476,1718.1,Cu1O6N2C12H20,351.0618
351.94028,1695.7,Cu1O7N2C12H5,351.93926
351.98581,1867.3,Cu1O6N1C14H11,351.98826
352.04501,1873.4,Cu1O4N2C15H17,352.04849
352.04501,1873.4,Cu1O7N1C12H19,352.04581
352.07846,1742.1,Cu1O1N1C20H19,352.07635
352.96173,1625.5,Cu1O4N2C16H6,352.96236
352.96173,1625.5,Cu1O7N1C13H8,352.95968
353.03381,1948.3,Cu1O2N2C18H14,353.03518
353.03381,1948.3,Cu1O5N1C15H16,353.0325
353.06686,1808.9,Cu1O4N1C16H20,353.06891
353.94812,1859.1,Cu1O2N2C19H3,353.94905
353.94812,1859.1,Cu1O5N1C16H5,353.94637
354.06192,1891.1,Cu1O4N2C15H19,354.06415
354.07892,1939.3,Cu1O1N2C19H19,354.07942
354.91953,1954.7,Cu1O3N2C18,354.92047
354.91953,1954.7,Cu1O6N1C15H2,354.91779
355.0441,2174.4,Cu1O5N1C15H18,355.04816
355.0441,2174.4,Cu1O10N2C7H20,355.04144
355.04568,1924.9,Cu1O5N1C15H18,355.04816
355.05725,2103.9,Cu1O7N2C11H20,355.05671
355.97937,1793.1,Cu1O2N1C20H7,355.9773
355.97937,1793.1,Cu1O7N1C13H11,355.98317
356.02921,3830.5,Cu1O8N2C10H17,356.02813
356.93561,4957.3,Cu1O3N2C18H2,356.93613
356.93561,4957.3,Cu1O6N1C15H4,356.93345
357.01291,1648.1,Cu1O6N2C13H14,357.01482
357.01291,1648.1,Cu1O9N1C10H16,357.01214
357.06121,8570.4,Cu1O5N1C15H20,357.06382
357.90723,1732.6,Cu1O7N1C14H1,357.90487
357.9165,1854.1,Cu1O4N1C18H1,357.92014
357.92767,2037.8,Cu1O6N2C14H3,357.92869
357.92767,2037.8,Cu1O9N1C11H5,357.92601
357.96811,2009.4,Cu1O5N2C15H7,357.9651
357.96811,2009.4,Cu1O10N2C8H11,357.97097
358.04056,2172.8,Cu1O3N2C17H15,358.03792
358.04056,2172.8,Cu1O8N2C10H19,358.04379
358.04466,35247.3,Cu1O8N2C10H19,358.04379
358.07121,3874.9,Cu1O2N2C18H19,358.07433
358.88077,1846.0,Cu1O10N2C9,358.88484
358.93301,1879.0,Cu1O6N2C14H4,358.93652
358.93301,1879.0,Cu1O9N1C11H6,358.93384
359.00912,2008.3,Cu1O4N2C16H12,359.00934
359.00912,2008.3,Cu1O7N1C13H14,359.00666
359.06934,2063.6,Cu1O5N2C14H20,359.06689
359.9295,1957.8,Cu1O9N2C10H5,359.92908
360.01089,1778.4,Cu1O2N1C20H11,360.00862
360.01089,1778.4,Cu1O7N1C13H15,360.01449
360.89411,10999.3,Cu1O8N1C13,360.89195
360.89856,1817.3,Cu1O10N2C9H2,360.9005
360.948,1802.4,Cu1O9N1C11H8,360.9495
361.07477,1925.8,Cu1O3N1C18H20,361.074
362.01675,1861.7,Cu1O7N2C12H15,362.01756
362.01675,1861.7,Cu1O10N1C9H17,362.01488
362.02469,2176.5,Cu1O2N1C20H13,362.02428
362.89102,1853.2,Cu1O8N2C12,362.89502
363.02679,1742.0,Cu1O7N2C12H16,363.02539
363.91666,2016.2,Cu1O5N2C16H1,363.91812
363.91666,2016.2,Cu1O8N1C13H3,363.91544
364.91882,1804.9,Cu1O3N1C20,364.9174
364.93222,1708.1,Cu1O10N2C9H6,364.93182
364.96371,1613.8,Cu1O4N2C17H6,364.96236
365.04919,2600.1,Cu1O2N1C20H16,365.04777
365.0672,2212.8,Cu1O4N1C17H20,365.06891
365.0705,1666.9,Cu1O1N2C20H18,365.07159
365.0705,1666.9,Cu1O4N1C17H20,365.06891
365.98526,1952.9,Cu1O4N1C18H9,365.98278
365.98526,1952.9,Cu1O9N1C11H13,365.98865
366.89969,1875.2,Cu1O9N1C12H2,366.90252
366.93808,1889.7,Cu1O5N2C16H4,366.94161
366.93808,1889.7,Cu1O8N1C13H6,366.93893
366.99756,1966.4,Cu1O6N2C14H12,366.99916
366.99756,1966.4,Cu1O9N1C11H14,366.99648
367.02909,4784.6,Cu1O3N1C19H14,367.02702
367.02909,4784.6,Cu1O8N1C12H18,367.03289
367.05433,4235.6,Cu1O7N2C12H20,367.05671
367.06952,1597.2,Cu1O4N2C16H20,367.07198
367.96338,1632.6,Cu1O2N2C20H5,367.96471
367.96338,1632.6,Cu1O5N1C17H7,367.96203
368.0256,1934.0,Cu1O8N2C11H17,368.02813
368.87881,1868.6,Cu1O10N1C11,368.88177
368.90338,1897.6,Cu1O9N2C11H2,368.90559
368.97134,1987.3,Cu1O2N2C20H6,368.97254
368.97134,1987.3,Cu1O5N1C17H8,368.96986
369.02704,1921.3,Cu1O3N2C18H14,369.03009
369.02704,1921.3,Cu1O6N1C15H16,369.02741
369.04818,5987.9,Cu1O5N2C15H18,369.05123
369.04818,5987.9,Cu1O8N1C12H20,369.04855
369.05392,1827.0,Cu1O5N2C15H18,369.05123
369.98636,1881.5,Cu1O7N2C13H11,369.98624
369.98636,1881.5,Cu1O10N1C10H13,369.98356
370.04477,4335.7,Cu1O8N2C11H19,370.04379
370.07059,1927.3,Cu1O2N2C19H19,370.07433
370.07369,132980.4,Cu1O2N2C19H19,370.07433
370.95105,23819.2,Cu1O3N2C19H4,370.95179
370.95105,23819.2,Cu1O6N1C16H6,370.94911
371.04056,2287.6,Cu1O6N1C15H18,371.04307
371.04482,31190.2,Cu1O3N2C18H16,371.04575
371.04482,31190.2,Cu1O6N1C15H18,371.04307
371.05756,2110.2,Cu1O3N1C19H18,371.05834
371.06562,156672.2,Cu1O5N2C15H20,371.06689
371.08139,1939.3,Cu1O2N2C19H20,371.08216
372.02545,1919.4,Cu1O9N2C10H17,372.02304
372.06486,4012.6,Cu1O3N1C19H19,372.06617
372.91254,1884.4,Cu1O7N2C14H2,372.91577
372.91254,1884.4,Cu1O10N1C11H4,372.91309
372.92996,2087.1,Cu1O4N2C18H2,372.93104
372.92996,2087.1,Cu1O7N1C15H4,372.92836
372.94803,2585.8,Cu1O6N2C15H6,372.95218
372.94803,2585.8,Cu1O9N1C12H8,372.9495
373.0423,7824.0,Cu1O6N2C14H18,373.04614
373.0423,7824.0,Cu1O9N1C11H20,373.04346
373.04506,8321.1,Cu1O6N2C14H18,373.04614
373.04506,8321.1,Cu1O9N1C11H20,373.04346
373.04739,2988.2,Cu1O6N2C14H18,373.04614
373.05558,279823.1,Cu1O6N1C15H20,373.05873
373.0636,2691.2,Cu1O3N2C18H18,373.06141
373.89798,1660.5,Cu1O8N1C14H1,373.89978
373.9028,1713.5,Cu1O8N1C14H1,373.89978
373.90887,1848.0,Cu1O10N2C10H3,373.90833
374.05185,1757.9,Cu1O6N2C14H19,374.05397
374.90981,15922.4,Cu1O5N2C17,374.91029
374.90981,15922.4,Cu1O8N1C14H2,374.90761
375.00363,1826.0,Cu1O5N2C16H12,375.00425
375.00363,1826.0,Cu1O8N1C13H14,375.00157
375.02304,1889.7,Cu1O7N2C13H16,375.02539
375.02304,1889.7,Cu1O10N1C10H18,375.02271
375.05543,3689.5,Cu1O4N1C18H18,375.05325
376.02939,2295.3,Cu1O2N2C20H13,376.02735
376.02939,2295.3,Cu1O7N2C13H17,376.03322
376.02939,2295.3,Cu1O10N1C10H19,376.03054
376.05743,1903.7,Cu1O4N1C18H19,376.06108
376.9064,1955.7,Cu1O8N2C13H2,376.91068
376.92352,2245.4,Cu1O5N2C17H2,376.92595
376.92352,2245.4,Cu1O8N1C14H4,376.92327
377.07043,2111.5,Cu1O4N1C18H20,377.06891
377.99097,1927.5,Cu1O6N2C15H11,377.99133
377.99097,1927.5,Cu1O9N1C12H13,377.98865
378.99341,1711.9,Cu1O4N1C19H10,378.99061
378.99341,1711.9,Cu1O9N1C12H14,378.99648
379.07452,2196.7,Cu1O4N2C17H20,379.07198
379.90817,1824.4,Cu1O9N1C13H3,379.91035
379.93338,1998.0,Cu1O8N2C13H5,379.93417
379.95261,1816.5,Cu1O5N2C17H5,379.94944
379.95261,1816.5,Cu1O10N2C10H9,379.95531
379.96277,1762.6,Cu1O5N1C18H7,379.96203
380.97995,1780.8,Cu1O7N2C14H10,380.97841
381.03885,2114.4,Cu1O3N1C20H16,381.04268
381.03885,2114.4,Cu1O8N2C12H18,381.03596
381.04407,1959.8,Cu1O3N1C20H16,381.04268
381.98196,1999.7,Cu1O7N2C14H11,381.98624
381.98196,1999.7,Cu1O10N1C11H13,381.98356
382.04825,1718.6,Cu1O3N1C20H17,382.05051
382.9874,2094.0,Cu1O5N1C18H10,382.98552
382.9874,2094.0,Cu1O10N1C11H14,382.99139
383.0563,1811.3,Cu1O3N1C20H18,383.05834
383.06665,2460.3,Cu1O5N2C16H20,383.06689
384.96692,30681.7,Cu1O3N2C20H6,384.96745
384.96692,30681.7,Cu1O6N1C17H8,384.96477
385.00269,2023.8,Cu1O5N1C18H12,385.00118
385.00269,2023.8,Cu1O10N1C11H16,385.00705
385.94955,1702.8,Cu1O4N1C20H5,385.95146
385.95886,1860.8,Cu1O6N2C16H7,385.96001
385.95886,1860.8,Cu1O9N1C13H9,385.95733
386.89078,2336.6,Cu1O8N2C14,386.89502
386.94589,2003.9,Cu1O4N2C19H4,386.9467
386.94589,2003.9,Cu1O7N1C16H6,386.94402
386.96369,6349.4,Cu1O6N2C16H8,386.96784
386.96369,6349.4,Cu1O9N1C13H10,386.96516
386.98138,1830.7,Cu1O3N2C20H8,386.98311
386.98138,1830.7,Cu1O6N1C17H10,386.98043
387.03483,287311.6,Cu1O7N1C15H18,387.03798
387.93861,3640.1,Cu1O7N2C15H5,387.93926
387.93861,3640.1,Cu1O10N1C12H7,387.93658
388.01846,1832.5,Cu1O10N2C10H17,388.01795
388.8862,1832.8,Cu1O9N1C14,388.88686
388.92529,15453.5,Cu1O5N2C18H2,388.92595
388.92529,15453.5,Cu1O8N1C15H4,388.92327
388.94287,1903.6,Cu1O7N2C15H6,388.94709
388.94287,1903.6,Cu1O10N1C12H8,388.94441
389.05049,5451.0,Cu1O7N1C15H20,389.05364
389.97217,1840.5,Cu1O4N2C19H7,389.97019
389.97217,1840.5,Cu1O9N2C12H11,389.97606
390.05173,1773.7,Cu1O7N2C14H19,390.04888
390.91922,1710.3,Cu1O6N1C18H2,390.91779
390.92221,1893.0,Cu1O8N2C14H4,390.92634
391.00983,1661.5,Cu1O6N1C17H14,391.01175
391.01791,1971.9,Cu1O8N2C13H16,391.0203
393.03537,1798.0,Cu1O8N2C13H18,393.03596
394.97916,1459.2,Cu1O10N2C11H12,394.9788
395.92749,1944.1,Cu1O9N2C13H5,395.92908
395.98047,1948.5,Cu1O5N2C18H9,395.98076
395.98047,1948.5,Cu1O8N1C15H11,395.97808
396.03104,1972.5,Cu1O4N1C20H15,396.02976
396.03464,1622.0,Cu1O6N2C16H17,396.03831
396.03464,1622.0,Cu1O9N1C13H19,396.03563
396.93939,2093.8,Cu1O9N2C13H6,396.93691
396.9483,2261.1,Cu1O6N2C17H6,396.95218
396.9483,2261.1,Cu1O9N1C14H8,396.9495
398.03073,1893.2,Cu1O4N2C19H15,398.03283
398.03073,1893.2,Cu1O7N1C16H17,398.03015
398.91241,2102.3,Cu1O5N2C19,398.91029
398.91241,2102.3,Cu1O10N2C12H4,398.91616
398.91696,1852.3,Cu1O10N2C12H4,398.91616
398.98267,2125.4,Cu1O6N1C18H10,398.98043
399.01938,2123.4,Cu1O5N1C19H14,399.01684
399.01938,2123.4,Cu1O10N1C12H18,399.02271
399.95477,1995.6,Cu1O4N2C20H5,399.95453
399.95477,1995.6,Cu1O7N1C17H7,399.95185
400.02701,2252.1,Cu1O5N1C19H15,400.02467
400.02701,2252.1,Cu1O10N1C12H19,400.03054
400.95593,1846.3,Cu1O7N1C17H8,400.95968
400.96106,2027.3,Cu1O4N2C20H6,400.96236
400.96106,2027.3,Cu1O7N1C17H8,400.95968
400.98212,1833.3,Cu1O6N2C17H10,400.9835
400.98212,1833.3,Cu1O9N1C14H12,400.98082
401.03403,2535.9,Cu1O5N1C19H16,401.0325
401.03403,2535.9,Cu1O10N1C12H20,401.03837
401.91031,2193.7,Cu1O6N1C19H1,401.90996
402.00546,2131.5,Cu1O6N1C18H13,402.00392
402.94119,1916.7,Cu1O5N2C19H4,402.94161
402.94119,1916.7,Cu1O8N1C16H6,402.93893
403.009,35453.5,Cu1O6N1C18H14,403.01175
403.01782,1710.1,Cu1O8N2C14H16,403.0203
403.0321,1706.6,Cu1O5N2C18H16,403.03557
403.0321,1706.6,Cu1O8N1C15H18,403.03289
403.07211,1849.9,Cu1O4N2C19H20,403.07198
404.00638,1806.1,Cu1O6N2C17H13,404.00699
404.00638,1806.1,Cu1O9N1C14H15,404.00431
405.04517,2041.5,Cu1O8N1C15H20,405.04855
406.00598,1906.6,Cu1O9N2C13H15,406.00738
406.98816,1940.8,Cu1O5N1C20H10,406.98552
406.98816,1940.8,Cu1O10N1C13H14,406.99139
406.99496,1386.5,Cu1O7N2C16H12,406.99407
407.00307,79814.7,Cu1O7N1C17H14,407.00666
407.04226,119153.6,Cu1O6N1C18H18,407.04307
407.89395,1745.6,Cu1O10N2C13H1,407.89267
408.03519,1661.2,Cu1O6N2C17H17,408.03831
408.03519,1661.2,Cu1O9N1C14H19,408.03563
408.05255,2365.3,Cu1O6N1C18H19,408.0509
409.00011,12931.4,Cu1O5N1C20H12,409.00118
409.00629,1812.3,Cu1O7N2C16H14,409.00973
409.00629,1812.3,Cu1O10N1C13H16,409.00705
409.02182,2244.6,Cu1O4N2C20H14,409.025
409.02182,2244.6,Cu1O7N1C17H16,409.02232
409.03938,17570.2,Cu1O9N1C14H20,409.04346
409.04443,1590.0,Cu1O6N2C17H18,409.04614
409.04443,1590.0,Cu1O9N1C14H20,409.04346
409.9426,1609.4,Cu1O9N2C14H7,409.94474
410.89551,1963.6,Cu1O8N2C16,410.89502
411.96844,1974.9,Cu1O9N1C15H11,411.97299
412.01062,1601.4,Cu1O5N2C19H13,412.01208
412.01062,1601.4,Cu1O8N1C16H15,412.0094
413.00211,2046.7,Cu1O8N2C15H14,413.00464
413.02927,1871.1,Cu1O5N1C20H16,413.0325
413.02927,1871.1,Cu1O10N2C12H18,413.02578
413.04095,1634.7,Cu1O7N2C16H18,413.04105
413.04095,1634.7,Cu1O10N1C13H20,413.03837
413.96707,1538.2,Cu1O7N1C18H9,413.96751
414.05176,2378.0,Cu1O7N2C16H19,414.04888
415.06757,2017.0,Cu1O4N2C20H20,415.07198
415.91592,2149.9,Cu1O6N2C19H1,415.91303
415.9473,1787.8,Cu1O5N2C20H5,415.94944
415.9473,1787.8,Cu1O8N1C17H7,415.94676
416.05869,1723.5,Cu1O5N1C20H19,416.05599
416.94339,2001.4,Cu1O8N2C16H6,416.942
416.98959,1866.9,Cu1O7N1C18H12,416.991
417.0079,1644.7,Cu1O9N1C15H16,417.01214
418.04043,8884.0,Cu1O8N2C15H19,418.04379
418.04517,1704.6,Cu1O8N2C15H19,418.04379
418.93182,1593.3,Cu1O6N2C19H4,418.93652
418.93182,1593.3,Cu1O9N1C16H6,418.93384
418.94473,1576.1,Cu1O6N1C20H6,418.94911
418.97958,1924.9,Cu1O10N2C13H12,418.9788
418.99411,2311.6,Cu1O7N2C17H12,418.99407
418.99411,2311.6,Cu1O10N1C14H14,418.99139
419.91772,1642.7,Cu1O7N1C19H3,419.92053
419.92468,1742.4,Cu1O9N2C15H5,419.92908
420.89203,1705.4,Cu1O8N1C18,420.89195
422.05182,1581.6,Cu1O6N2C18H19,422.05397
423.03555,1650.5,Cu1O7N1C18H18,423.03798
423.0433,2128.4,Cu1O9N2C14H20,423.04653
423.91705,2185.5,Cu1O8N1C18H3,423.91544
423.99649,1789.7,Cu1O8N2C16H13,423.99681
425.05282,40104.0,Cu1O7N1C18H20,425.05364
425.98734,2163.7,Cu1O6N2C19H11,425.99133
425.98734,2163.7,Cu1O9N1C16H13,425.98865
427.93762,1945.2,Cu1O8N2C17H5,427.93417
427.9437,1727.3,Cu1O8N1C18H7,427.94676
427.98465,1680.2,Cu1O7N1C19H11,427.98317
428.02402,1837.8,Cu1O8N2C16H17,428.02813
428.04404,1646.0,Cu1O5N2C20H17,428.0434
428.04404,1646.0,Cu1O8N1C17H19,428.04072
429.03479,1986.5,Cu1O8N2C16H18,429.03596
429.05038,1810.1,Cu1O5N2C20H18,429.05123
429.05038,1810.1,Cu1O8N1C17H20,429.04855
429.88852,2007.9,Cu1O10N1C16H1,429.8896
429.89206,1867.5,Cu1O10N1C16H1,429.8896
430.88028,1839.3,Cu1O10N2C15,430.88484
430.97589,1942.7,Cu1O10N2C14H12,430.9788
431.03242,4183.9,Cu1O6N2C19H16,431.03048
431.06802,2200.2,Cu1O5N2C20H20,431.06689
431.93954,1612.4,Cu1O6N2C20H5,431.94435
431.93954,1612.4,Cu1O9N1C17H7,431.94167
432.02496,32767.2,Cu1O9N2C15H17,432.02304
432.91116,1766.1,Cu1O7N2C19H2,432.91577
432.91116,1766.1,Cu1O10N1C16H4,432.91309
432.94009,1951.3,Cu1O9N2C16H6,432.93691
432.991,2201.0,Cu1O10N2C14H14,432.99446
433.93423,1809.6,Cu1O7N1C20H5,433.93619
435.05014,1686.6,Cu1O9N2C15H20,435.04653
435.92584,1928.8,Cu1O10N2C15H5,435.92399
435.96384,1947.0,Cu1O9N2C16H9,435.9604
436.01855,1852.3,Cu1O10N2C14H17,436.01795
436.98398,2138.0,Cu1O6N2C20H10,436.9835
436.98398,2138.0,Cu1O9N1C17H12,436.98082
438.02032,1811.4,Cu1O8N1C18H17,438.02506
438.05133,1990.9,Cu1O7N2C18H19,438.04888
440.04443,2259.9,Cu1O8N1C18H19,440.04072
440.96426,6948.8,Cu1O10N2C15H10,440.96314
440.97745,1909.1,Cu1O7N2C19H10,440.97841
440.97745,1909.1,Cu1O10N1C16H12,440.97573
441.94717,1823.3,Cu1O8N2C18H7,441.94983
442.04556,2182.9,Cu1O8N2C17H19,442.04379
442.88351,1748.3,Cu1O10N2C16,442.88484
442.90256,1999.9,Cu1O7N2C20,442.90011
442.96113,5736.7,Cu1O8N2C18H8,442.95766
442.99518,2075.7,Cu1O7N2C19H12,442.99407
442.99518,2075.7,Cu1O10N1C16H14,442.99139
443.03415,2010.6,Cu1O6N2C20H16,443.03048
443.90912,1713.6,Cu1O7N2C20H1,443.90794
443.90912,1713.6,Cu1O10N1C17H3,443.90526
443.93689,1804.9,Cu1O9N1C18H7,443.94167
443.98862,2662.0,Cu1O10N2C15H13,443.98663
444.91788,1616.3,Cu1O7N2C20H2,444.91577
446.00574,2071.0,Cu1O10N2C15H15,446.00229
446.95633,1646.3,Cu1O9N2C17H8,446.95257
449.02295,1666.5,Cu1O10N2C15H18,449.02578
449.03659,2151.9,Cu1O7N2C19H18,449.04105
449.03659,2151.9,Cu1O10N1C16H20,449.03837
449.89777,2094.2,Cu1O9N1C19H1,449.89469
449.92712,2140.2,Cu1O8N1C20H5,449.9311
449.95358,1683.3,Cu1O7N2C20H7,449.95492
449.95358,1683.3,Cu1O10N1C17H9,449.95224
451.94803,1740.3,Cu1O8N1C20H7,451.94676
451.9509,2047.5,Cu1O10N2C16H9,451.95531
451.95392,1609.9,Cu1O10N2C16H9,451.95531
453.88864,1831.9,Cu1O10N1C18H1,453.8896
453.9119,2039.7,Cu1O9N2C18H3,453.91342
454.99304,2479.3,Cu1O7N2C20H12,454.99407
454.99304,2479.3,Cu1O10N1C17H14,454.99139
457.04288,1806.8,Cu1O9N1C18H20,457.04346
457.9411,1857.2,Cu1O9N2C18H7,457.94474
458.0416,1938.3,Cu1O9N2C17H19,458.0387
459.02005,2200.4,Cu1O10N1C17H18,459.02271
462.02438,1620.4,Cu1O8N1C20H17,462.02506
464.90485,1685.6,Cu1O9N2C19H2,464.90559
465.05014,1972.1,Cu1O8N1C20H20,465.04855
465.98584,7689.9,Cu1O10N1C18H13,465.98356
468.94067,1894.2,Cu1O9N2C19H6,468.93691
469.00742,1970.6,Cu1O10N1C18H16,469.00705
469.04532,1938.0,Cu1O9N1C19H20,469.04346
470.01752,1937.3,Cu1O10N1C18H17,470.01488
471.99896,1797.9,Cu1O8N2C20H13,471.99681
472.96738,1711.6,Cu1O9N2C19H10,472.96823
473.00485,1853.4,Cu1O8N2C20H14,473.00464
474.95621,1688.7,Cu1O10N1C19H10,474.96007
477.97943,2094.6,Cu1O10N1C19H13,477.98356
483.92169,1739.7,Cu1O10N2C19H5,483.92399
483.96286,1777.3,Cu1O9N2C20H9,483.9604
485.97717,1981.8,Cu1O9N2C20H11,485.97606
490.00308,1696.9,Cu1O9N2C20H15,490.00738
491.99823,1613.9,Cu1O10N1C20H15,491.99922
492.99646,2005.5,Cu1O10N2C19H14,492.99446
494.01071,1871.4,Cu1O10N1C20H17,494.01488
498.94327,1969.0,Cu1O10N2C20H8,498.94748
498.94966,3720.7,Cu1O10N2C20H8,498.94748
510.03268,1721.5,Cu1O10N2C20H19,510.03361
511.04306,1696.1,Cu1O10N2C20H20,511.04144
