m/z,Intensity
200.00932,217.1
200.01318,116871.6
200.02289,442.2
200.13553,291.9
200.16428,425
200.18399,347
200.20052,425180.3
200.20426,759.7
200.21411,286.2
200.23297,2785.9
200.23693,641233.2
200.2411,346.9
200.24231,444.2
200.2457,483.4
200.30183,344.4
200.41238,880.3
200.51671,799.6
200.70486,629.3
200.81145,525.3
200.83276,535.2
200.84775,332
200.88478,636.1
200.95695,955.8
201.00868,1182.3
201.01339,5201.2
201.05717,756.5
201.06,343.6
201.08823,689.3
201.14745,767.5
201.18425,369.4
201.20387,53845.9
201.22269,783
201.23285,779.3
201.24028,113574.3
201.25818,471.5
201.37401,875.4
201.46547,741.1
201.53789,1134.6
201.60657,368.5
201.61917,866.7
201.84103,726.6
201.98817,720
201.99241,672214.4
201.99596,371.1
202.01093,279
202.05606,953.6
202.08363,257.1
202.10657,309
202.14305,767
202.15053,891.1
202.17642,1084.4
202.17976,341380.1
202.20148,1098
202.21141,6792.3
202.21618,2578364.5
202.22073,4630.4
202.2878,891.1
202.29918,949.6
202.53404,1095.6
202.53896,218.6
202.54997,392
202.68849,387
202.72008,402.4
202.81322,1278.4
202.87349,426.2
202.93736,594.7
202.96675,263.7
202.99238,36142.4
202.99592,2110.1
203.00768,392.1
203.02579,842.2
203.05215,12402.8
203.05449,297.7
203.05873,63073.6
203.06774,1429.8
203.08068,8569.8
203.1063,36931
203.18326,17404
203.2028,702.7
203.21556,1995.5
203.21953,368941.1
203.22339,367.2
203.33119,296.1
203.57506,868.9
203.63986,613.3
203.64192,754.3
203.67551,831.3
203.74051,293
203.8051,303.4
203.8349,387.3
203.85252,1186.7
203.87993,659.7
203.8875,486.9
203.95514,305
203.98691,25745.5
203.99107,4730.5
203.99316,392.2
203.99594,429.4
203.99713,369.6
204.03116,784.5
204.06274,331.5
204.10971,897.4
204.11331,385
204.11771,732
204.12247,332.1
204.15914,2833
204.16776,584.3
204.18478,347.9
204.22296,2681.8
204.23013,767.4
204.38403,340.7
204.45325,401.4
204.55026,681.3
204.56134,419.3
204.56705,372.4
204.58324,343.4
204.66331,825.2
204.85927,274.5
204.98709,704.5
205.01447,288.3
205.01573,346.5
205.0378,1906.1
205.05739,4039.2
205.06206,1228718.3
205.06667,9067.8
205.07739,1205.7
205.10735,557
205.11969,404.7
205.12215,5312.3
205.12935,281
205.16163,2070.1
205.30086,379.5
205.45531,337.5
205.56648,416
205.61116,249
205.62595,246.6
205.65364,241.8
205.66426,742.9
205.69276,301
205.75931,538
205.85396,256.2
205.883,788.5
205.90533,561.7
205.936,540.3
205.98734,85739.7
206.02371,99725
206.02823,472
206.06541,156697.1
206.06972,360.7
206.11655,838.1
206.12714,738.8
206.13519,685.2
206.13839,1281.4
206.15411,390.6
206.16626,959.8
206.1743,276.1
206.19044,776.8
206.30855,701.1
206.37013,1017.3
206.54343,694.9
206.60299,1488
206.65834,346.9
206.69852,1332.6
206.70943,785.3
206.96831,641.9
206.98766,959.2
206.9947,28761
207.0235,2198.3
207.02498,357.9
207.03226,371.7
207.04753,321.4
207.06886,1380.4
207.1013,17715.2
207.13513,288.9
207.17387,325.2
207.38263,406
207.48981,321.6
207.53221,364.4
207.57861,562.1
207.61154,843
207.65408,769.7
207.96588,747.1
207.98581,296.4
208.07982,464.9
208.16933,776.3
208.20319,53663.8
208.23186,552.8
208.33759,826.7
208.36737,806.1
208.4539,659
208.58084,389.3
208.58728,708
208.69815,438
208.89928,430.8
208.93997,712
208.9749,307.5
208.99467,917.2
209.03259,1882.1
209.06554,350
209.07802,1645.3
209.11468,965.9
209.11684,798.1
209.12274,828.1
209.15326,28914.2
209.16393,375.4
209.20088,5538.6
209.20657,1023.8
209.27231,372
209.40581,283
209.46242,412.3
209.47691,1181.6
209.65742,341.3
209.78986,361.1
209.86113,901.2
209.87933,453.5
209.91013,622.8
209.95976,257.2
209.96421,76122.5
209.97445,2768
210.03313,940.4
210.06679,746.4
210.07719,490.6
210.08139,577.2
210.15668,275.5
210.18465,854.9
210.19177,768.9
210.22153,507.4
210.54704,724.8
210.56653,523.9
210.61302,745.1
210.80296,468.8
210.85684,426.9
210.93546,431.8
210.95538,501.4
210.96467,753
210.99274,3855.4
211.02353,807.8
211.02732,14844.2
211.03908,394.3
211.07265,638.8
211.07555,410.5
211.09367,11691.3
211.12939,305.3
211.13252,3114.7
211.16639,1396.1
211.16887,3949.7
211.1803,2526.8
211.21625,5312
211.28499,706.9
211.29708,1196.7
211.29961,642.1
211.31932,586.4
211.34566,291.4
211.38277,444.8
211.4138,1100.9
211.64105,461.1
211.69772,391.7
211.79723,651.1
211.8134,977.2
211.94144,417.8
211.97147,396.1
211.97716,364.5
211.98334,1002.1
212.01306,1657.9
212.03107,207.3
212.04939,794.8
212.062,570.5
212.06978,582
212.16417,112165.6
212.16878,452.6
212.18143,369.5
212.20046,117830.3
212.20572,286.8
212.25745,503
212.26505,816.5
212.28363,972.5
212.32724,818.9
212.42856,316.2
212.54082,332.9
212.79987,1191.7
213.03683,412.2
213.04089,736.2
213.08832,2169.8
213.11209,329.3
213.11604,990.1
213.12776,2870.7
213.13585,331.8
213.14564,168699.3
213.14746,621.3
213.15833,396.4
213.16776,535.9
213.20386,2020.2
213.21271,323.3
213.25682,285
213.35011,396.7
213.3611,601.5
213.39796,869
213.41275,855.3
213.43736,1157.6
213.5193,382.2
213.53485,352.4
213.59708,465.8
213.60561,887.6
213.61417,504.6
213.62245,424.9
213.64052,962.9
213.67696,676.5
213.76265,420
213.77682,430.1
213.89505,321.2
213.96332,214.6
213.99222,2734.1
214.01572,313.9
214.0288,22631.1
214.06731,458.9
214.13458,262.2
214.14905,4161.5
214.17974,77889.3
214.18451,849.9
214.21135,5815.6
214.21615,1039938.9
214.22073,5048.5
214.2526,27540.9
214.33403,319.2
214.43803,506.9
214.4447,696.2
214.47159,844.9
214.47316,1041.9
214.60455,635
214.61485,383.4
214.82971,328.5
214.89531,373.6
214.9351,840.9
215.02401,21889.7
215.05217,905.8
215.06043,82744.5
215.06742,3878.4
215.07576,681.8
215.10388,12042.4
215.12487,2071
215.16396,1306.1
215.18307,804.6
215.21128,4015.7
215.21961,122067.1
215.22537,588.4
215.24687,597.5
215.35258,465.1
215.38417,1222.1
215.45131,410
215.47467,853.8
215.54242,850.4
215.58968,377.3
215.707,522.3
215.72112,621.4
215.80017,294.6
215.87038,839
215.96921,580.6
215.98862,510.3
215.99499,66391.9
216.00801,54779.7
216.02713,377.9
216.04441,1540.2
216.05513,462.7
216.06072,908.8
216.06995,866
216.08452,424.5
216.10147,593.6
216.12712,730.2
216.14769,580.5
216.15997,2112.2
216.16429,329.5
216.19054,647.9
216.19548,551380.5
216.19885,391.5
216.20023,1091.4
216.22083,240.5
216.23194,5500.9
216.31676,413.4
216.38509,756.3
216.41032,416.9
216.60562,363.7
216.60869,421.8
216.61238,449.3
216.7195,380.4
216.74057,975.6
216.86673,380.8
216.8896,226
217.00171,367.6
217.00795,359.5
217.013,298.5
217.01912,962.9
217.03796,90243.1
217.04279,292
217.07423,15916.8
217.08284,447.6
217.10425,63220.7
217.10643,769.1
217.16728,4759.9
217.17909,251.9
217.19871,38135.1
217.20486,291.2
217.21791,468.4
217.2262,871.8
217.29594,475.2
217.33566,686.9
217.47734,373.2
217.55432,726.8
217.55682,847.6
217.61159,312
217.62691,453.2
217.68446,365.4
217.7789,379.2
217.81328,416.8
217.81633,507.3
217.83707,386.9
217.89195,853.5
217.94075,930.8
217.98962,583.5
217.99548,564.8
218.00247,25812.7
218.00838,40405.4
218.02121,764.3
218.02365,39483.1
218.04132,581.1
218.05995,811.1
218.09128,723.5
218.10703,302.6
218.1514,485.1
218.1739,568.3
218.21111,45385.7
218.2921,834.5
218.35109,299.8
218.38689,759.9
218.39862,332.7
218.40355,365.5
218.41528,387.8
218.42139,683.6
218.48131,310.2
218.48558,602.6
218.50171,830.8
218.55234,429.8
218.55939,831.4
218.6046,302
218.7612,888.1
218.79172,732.9
218.84692,1087.6
218.99522,1070.7
219.01246,1386.9
219.01718,261853.6
219.03127,12934.1
219.05644,518.1
219.06244,1660.2
219.10137,27537.1
219.13637,1640.3
219.13869,1469.2
219.1546,411.9
219.15881,660.4
219.17378,5250.6
219.22369,942.2
219.26239,440.7
219.37619,472.1
219.56731,388.3
219.69693,1163.1
219.95125,612.5
219.98522,20898.1
219.99791,2940.3
220.00295,1722036.8
220.0078,4469.5
220.01491,473.3
220.02072,3081.3
220.10524,391.9
220.12927,403.7
220.14621,334.9
220.16687,49984.7
220.18226,5252.8
220.1895,972
220.26302,568.9
220.36623,982.4
220.53322,331
220.63353,478.5
220.80309,441.2
220.99824,742.4
221.00285,133497.1
221.00712,9627.3
221.01164,24912.6
221.02179,296.6
221.03602,1703.1
221.06913,8200.5
221.07761,457.6
221.11682,61989.3
221.1531,37267.9
221.17,2004.3
221.17547,5591.6
221.22687,470
221.2711,411.7
221.31795,809.6
221.36095,341.6
221.41796,1425.6
221.49277,772.8
221.52454,1848.7
221.57121,1398.3
221.5956,802.1
221.91818,883.1
221.99733,121042.9
222.00192,7838.3
222.00677,11368.9
222.12007,620.4
222.14272,373.7
222.15553,535.7
222.18249,153514.2
222.33383,1152.5
222.3634,495.3
222.38438,456.1
222.53867,309.7
222.56676,341.7
222.68379,327.8
222.78687,419.8
222.99185,923.3
222.99742,1335.7
223.00497,630
223.02096,1239
223.06326,3228.1
223.07266,861.8
223.09347,2969.5
223.09576,370.7
223.10892,373.6
223.11525,320.2
223.13024,4484.3
223.16902,5282.3
223.18567,5458.6
223.25136,535.2
223.40469,633
223.48538,1259.9
223.49536,560.2
223.60765,773.9
223.95517,351.7
223.98004,18999.7
223.9902,280
224.02588,739.6
224.12773,4706.3
224.1335,528.3
224.16414,2574.7
224.17174,429
224.17468,513.5
224.19796,285369.5
224.20172,270.1
224.23678,79926.9
224.34047,830.2
224.42555,493.3
224.56136,350.5
224.61172,722.5
224.62758,652.9
224.67691,271.9
224.78352,456.7
224.91437,790.1
224.93044,649.1
225.04311,17540.9
225.09062,519.6
225.11015,1549.4
225.14814,49715.3
225.18196,5956.7
225.18443,2869.8
225.20134,12712.4
225.2211,500.7
225.23945,2271.5
225.28529,549.4
225.33643,792.6
225.33885,524.2
225.5072,589.5
225.58852,366.1
225.83643,441.5
225.91748,424.8
225.99234,667.9
226.02931,355.8
226.06514,6394
226.10376,851.6
226.15106,500.6
226.17977,50191
226.21596,424.7
226.23312,533.4
226.40443,532.6
226.85655,403.9
226.91525,476.1
226.95793,306.1
226.98642,439.1
227.01628,1068.1
227.02451,553
227.06049,518.3
227.06778,1545
227.09653,1318.3
227.10379,63665.8
227.12707,3949.6
227.16371,2222.7
227.1828,250.6
227.20019,4187.5
227.2112,495.5
227.2187,304.4
227.40942,304.5
227.5,388.4
227.6503,395.4
227.96924,834.6
227.97472,1214.7
227.98469,2883.8
227.99226,498.3
228.00809,9511.4
228.04447,9541.5
228.06415,546.2
228.09222,798.5
228.12277,42343.3
228.14392,364.6
228.1592,1040.1
228.19003,850.9
228.1954,121340.1
228.20117,314.9
228.23171,47765.3
228.26391,1588.7
228.26811,706807.3
228.27319,346.6
228.29558,503.6
228.40802,916.6
228.41096,867.5
228.64799,953.2
228.72598,344.7
228.77165,1024.1
228.78838,456.2
228.97844,1309.9
229.00322,19601.6
229.03833,1517.4
229.06392,502.1
229.0676,495.3
229.07831,269.8
229.08324,101852.7
229.11973,25713.1
229.12618,922.6
229.14315,2217.5
229.17946,1268.4
229.19879,2424.5
229.21504,422.1
229.22665,1665.4
229.23544,787.1
229.27149,75013.5
229.44826,380.8
229.51578,754.9
229.53705,298.8
229.58392,900.8
229.98175,465.9
229.98719,970.3
230.02372,16924.7
230.05947,1824.4
230.08679,1326.3
230.11635,284.6
230.15366,451.6
230.17471,7476.6
230.21104,23232.1
230.23912,441.1
230.45097,809.4
230.53157,829.9
230.60533,893
230.64099,534.8
230.68694,476.7
230.72997,580.5
230.81966,530.1
230.86705,363.5
230.8741,694.7
230.94055,1637
231.00967,544.6
231.01683,1135.2
231.05356,369
231.06413,462.6
231.07028,471.7
231.07703,361.9
231.09876,6036.6
231.10805,340.3
231.13516,4759.1
231.13699,627.2
231.15872,2779.1
231.18698,814.6
231.20633,757.9
231.24283,358.8
231.40276,476.8
231.46394,985.3
231.63539,911.5
231.79486,722.5
231.80757,320
231.82327,709
231.97171,401.3
232.00283,7041.4
232.02406,14501.8
232.03931,77308.6
232.07556,493.5
232.15359,1114.8
232.19014,584
232.1963,381.5
232.21645,421.5
232.22658,491.4
232.32544,517.2
232.50218,836.9
232.52748,784.5
232.63432,874
232.83603,912
232.85364,515.9
232.8799,829.1
232.93277,623.2
232.95929,488.4
232.9718,469.1
233.01061,2897.3
233.03278,11508.2
233.03888,686.7
233.04687,1725.3
233.07095,27733
233.07815,6149.9
233.08644,805.6
233.10318,302.3
233.11678,660.4
233.15041,1190.1
233.15273,286.2
233.16565,682.2
233.16985,1268.9
233.17589,1086.4
233.18082,1733.7
233.1897,1328.7
233.19386,366.2
233.2037,317.3
233.21368,389.7
233.3356,315.3
233.36607,611.8
233.41002,332.5
233.42696,917.2
233.46815,336.3
233.57574,669
233.6205,384.1
233.71098,1201.6
233.7146,793.4
233.85364,460.5
234.00085,496.4
234.01296,3137.2
234.01859,979847
234.0237,1584.5
234.14588,8147.4
234.17676,437.3
234.18241,1625.8
234.22107,116059.8
234.5746,1013.5
234.86723,441.3
235.01836,53590.9
235.02235,4469.1
235.02751,19524.2
235.04848,10904.8
235.08458,489.4
235.09598,1745.1
235.10437,513.8
235.11707,1001.5
235.13025,23383.8
235.14105,808.7
235.16871,44642.2
235.20549,416.3
235.2246,1450.4
235.27106,358.4
235.69948,997.7
235.72205,1003.2
235.73746,389.8
235.82898,452.1
235.99792,830.4
236.00812,441.1
236.01291,472146
236.01704,825.6
236.02252,1852.5
236.04944,421.6
236.07666,934.6
236.13548,584.8
236.16112,567.3
236.16348,544.1
236.19806,102186.7
236.23687,866.8
236.24704,386
236.29089,808.2
236.47395,492.6
236.62742,784.9
236.63649,635.9
236.70053,762.3
237.01298,9292.9
237.01662,4070.7
237.02764,135731.3
237.04317,1094.9
237.09223,1414.1
237.11119,16763.6
237.12991,778.8
237.13464,425.9
237.14592,8482.9
237.14786,512.7
237.1611,498.4
237.18249,924.3
237.18483,1472
237.20112,755.1
237.22107,323.9
237.23197,48988.3
237.26892,356.7
237.59055,1042.1
237.88728,388.5
237.95587,1566.1
237.95889,252.6
237.99525,702.4
238.0114,1025.4
238.03014,396.8
238.07864,1042.8
238.09261,740.8
238.12005,16332.9
238.1431,1836.9
238.15593,904.2
238.1785,8299.2
238.21611,338
238.23573,1142.7
238.24632,4326.7
238.25246,2351467.8
238.25824,1163.2
238.65479,885.8
238.93108,510.7
238.94786,513.8
238.95541,1518.7
238.9619,854.1
238.96967,498.5
239.01175,260.6
239.02229,101671.7
239.03285,1082.3
239.03503,489.6
239.05839,779.4
239.07059,364
239.09649,1057.7
239.12453,1278.4
239.12695,2385.7
239.14831,1264.7
239.16179,34435.9
239.16876,513.8
239.2117,1063.9
239.23646,37625
239.24994,1942.7
239.25579,373591.3
239.74414,501
239.9187,956.8
240.00795,70985.3
240.02715,934.9
240.04449,287.8
240.08086,633.2
240.15126,946.3
240.1726,737.3
240.19408,1141
240.23182,7742
240.23985,816.1
240.25941,5302
240.26795,8665.3
240.3412,408.3
240.34557,344.2
240.40762,858.1
240.4415,762
240.45215,691.4
240.48187,658.9
240.49455,608.8
240.53313,895.1
240.60403,613.7
240.70015,344.2
240.86972,891.1
240.90146,468.2
241.00178,1127.1
241.01138,544.4
241.0217,371
241.03155,59238
241.08333,387.9
241.08583,4401.8
241.14267,2168.3
241.17752,14324.8
241.20667,542.3
241.21572,2025.9
241.24928,486.1
241.271,1715.7
241.44788,538.2
241.57285,680.2
241.80746,383
241.97784,44623.3
241.98039,79811.4
241.98255,12828.6
242.00638,418.5
242.02363,1481.9
242.06046,716.1
242.10605,974
242.13779,324.6
242.15273,979
242.17507,3070.4
242.18005,3256.7
242.18211,338
242.18428,445
242.19506,1409.4
242.19759,473.2
242.21154,1613.9
242.24824,206315.4
242.28364,187713408
242.34676,507.1
242.36552,1097.1
242.45186,416.5
242.47433,422.3
242.52718,894
242.5715,792.8
242.58313,295.4
242.58483,1056.4
242.5871,85509.2
242.58983,50395.9
242.59174,1439.6
242.87941,518.9
243.01876,7814.7
243.054,6076.6
243.06175,432.3
243.09007,43049.3
243.09849,17832.5
243.11559,1119.1
243.12243,11037
243.12811,521.9
243.1349,28002.1
243.18245,261209.3
243.23056,329.8
243.24231,1505.8
243.25089,13333.5
243.28694,32212850
243.35609,430.9
243.51973,902.6
243.5938,446.8
243.68417,52229.6
243.86429,1068.2
243.95575,453.1
244.00251,2431.7
244.02422,681.2
244.03915,10684.7
244.0755,9375.3
244.0993,936.5
244.10184,370.2
244.12163,1271.5
244.13847,1166.6
244.17976,109121.7
244.19026,208052.5
244.19583,328.3
244.22672,3517.4
244.24576,1570.3
244.26299,71716.4
244.2842,128040.2
244.29024,2583733.3
244.29622,3556.9
244.32645,456.5
244.44295,581.7
244.6433,1125.3
244.83609,1224.5
244.91985,15139.6
244.95637,4149.3
244.99625,4796.9
245.01348,10172.2
245.0329,1194.6
245.06184,552.3
245.07227,1319.8
245.07788,3833.1
245.08675,368.5
245.11429,16526
245.1824,373.1
245.19352,3317.3
245.23563,1071.5
245.26622,465.6
245.27632,660.1
245.28799,572.2
245.29385,85712.2
245.32381,897.5
245.35712,550.1
245.47331,888.3
245.71495,300.1
245.72572,548.6
245.93004,862.7
245.99857,734.1
246.01839,42740.1
246.02832,607.3
246.03305,358.1
246.04655,335.8
246.05483,89650.1
246.08676,1099.8
246.11049,4035.3
246.11725,933.1
246.12405,1333.3
246.16931,515.2
246.17676,10596.2
246.26314,428.2
246.3768,889
246.44054,337.5
246.51633,1465.2
246.5619,740
246.6235,448
246.70195,576.6
246.80672,542.8
246.83276,1093.3
246.9543,433
247.00108,1088.6
247.01958,363.7
247.05478,685.1
247.05806,481.1
247.08609,1903.7
247.09353,1489.2
247.10167,456.6
247.13009,33878.9
247.15329,1679.2
247.16861,1095.2
247.22632,64757.7
247.23502,607.8
247.31111,317.1
247.46861,638.4
247.66631,843
247.91302,814.8
247.96249,827.8
247.96532,280.7
247.998,13208.2
248.0341,12161.9
248.06102,403.8
248.07072,411.8
248.0767,8049.9
248.20047,798.5
248.46039,998.7
248.57851,845.4
248.66019,888.7
248.71159,934.2
248.75237,665
248.9512,2640
249.03159,1266.1
249.05737,307.3
249.06411,1510.9
249.11114,22182.7
249.14563,1560
249.18439,38189.3
249.23206,40854.7
249.31168,1316.9
249.97714,990.1
249.99274,601.3
250.01363,470.3
250.01572,545.2
250.02316,494.2
250.02866,293074.9
250.0934,1006.4
250.19024,39789.9
250.21595,14395.6
250.2358,1217.4
250.61588,678.7
250.61951,312.3
250.6534,549.4
250.69177,6221
250.76326,639.8
250.85295,510.3
250.94846,664.4
250.99986,1118.6
251.02837,1820.8
251.03145,1110.9
251.04292,4093.5
251.06239,705
251.07204,1017.8
251.09398,419.9
251.12513,7711.4
251.16262,7525.9
251.24187,606.5
251.2476,682243.6
251.66989,631.9
251.71039,416.2
251.77162,1918.6
251.78357,362.5
251.96559,1061.6
251.97143,122497.4
251.98816,417.5
252.02903,2824
252.16699,563.2
252.2315,23685.3
252.25082,91266.7
252.26806,2207.3
252.34358,724.7
252.64626,803.1
252.94626,449.5
253.03787,107823
253.08427,539.3
253.11163,710.5
253.14166,14551.1
253.17739,4866.2
253.17934,1662.8
253.21542,1024.5
253.23508,386.9
253.25317,1399.6
253.26335,17104.4
253.27264,406.5
253.36565,445.3
253.58913,1052
253.65538,570.9
253.83572,662.2
253.97632,363.5
254.01091,404.1
254.02342,411015.7
254.04161,1272.5
254.06006,8585.8
254.09639,800.3
254.17358,365.7
254.21117,385.7
254.24159,494
254.24727,473046.4
254.26685,999.4
254.37616,394.4
254.4761,547.6
254.61443,454.8
254.65477,851.8
254.68068,890.2
254.69147,1084.5
254.70573,395.5
254.99455,686.5
255.00786,395.9
255.02376,8016.5
255.02706,3571.3
255.04698,132563.8
255.08435,618.5
255.0915,5717.9
255.12209,77266.4
255.13551,543.4
255.15577,797.4
255.1584,7090.9
255.17491,582.5
255.19369,1563
255.20598,1285.5
255.23131,6475.4
255.24202,1063.9
255.2507,32927.4
255.34413,387.5
255.58531,874.9
255.65096,1064.7
255.82159,406.6
255.87894,248.9
255.96627,5628.8
256.02241,850.8
256.0278,556.6
256.03906,666.8
256.05011,449.8
256.0751,580.6
256.19058,612.9
256.25615,8394.6
256.2629,3605810.8
256.26946,4120.7
256.29932,60505.2
256.44778,509
256.80945,621.6
256.84982,46462.2
256.93853,3610.1
257.0327,21968.8
257.05674,9163.4
257.06876,588.9
257.07861,656.5
257.10722,11634.3
257.13837,428.1
257.15062,2683.4
257.17365,1201.6
257.17596,550.7
257.18471,13640.6
257.19793,3168.8
257.24741,340.6
257.25962,28864.9
257.26623,598221.1
257.29452,130511.9
257.30241,1414.5
257.51858,856.6
257.99368,1427.9
258.01856,1939.6
258.03192,1101.8
258.05514,3617.1
258.09135,21549.5
258.16974,556.8
258.20584,13736.8
258.24212,8788.7
258.26956,6927.7
258.27236,2608.7
258.27864,392935.4
258.28418,542.2
258.28668,1025.5
258.29688,526.4
258.35007,520.6
258.48148,1144.6
258.64001,1350.5
258.81668,596.2
258.8457,695.4
258.93529,9954.7
259.01195,43472.4
259.02915,6763.4
259.047,450.8
259.06219,6432.8
259.09359,19182.6
259.10245,424.6
259.1212,1636.5
259.12941,1643
259.17966,384.3
259.18863,614.2
259.20926,711.4
259.22634,9929.7
259.28217,23906.4
259.43246,495.1
259.5845,782.5
259.7038,1075.8
259.82275,925.9
259.97089,436.1
260.0188,454.4
260.03403,36551.2
260.07047,16454.9
260.09369,2220.6
260.10098,673.6
260.11649,609.1
260.14853,4593.1
260.15361,34791
260.32312,807
260.49078,386.3
260.60034,968.9
260.79724,495.5
260.80096,758.1
260.85913,823.7
260.92761,497.6
260.9718,272.9
261.0289,421.4
261.06598,1425.8
261.07053,487.5
261.10047,12851.8
261.1096,1673
261.13039,1609.4
261.14607,820.2
261.1575,591.7
261.18399,760.3
261.24405,718.6
261.33716,757.3
261.36636,974.4
261.52207,3175.3
261.58762,378.9
261.69604,437.3
261.72443,1074
261.84424,652.2
261.85657,2067.9
262.01336,44353.1
262.02873,6213.5
262.04196,798.4
262.04958,906
262.08981,602.6
262.15077,3583.7
262.19055,408
262.38184,649.2
262.4848,876.8
262.53366,1332.1
262.77026,623.8
262.93029,11845.6
262.96651,5582.1
263.00624,1757.1
263.01114,659.6
263.02356,3607.2
263.04227,434.8
263.07974,24376.9
263.0899,476.1
263.12518,3176.9
263.16181,1692.8
263.21152,425.4
263.22118,4744.8
263.25659,918.5
263.33505,720.9
263.40891,698.7
263.62598,683.9
263.68355,2917.3
263.73553,324.9
263.9306,440.8
263.93507,1112.5
264.00794,8514.8
264.04457,952
264.17926,455.9
264.18781,2402.1
264.19516,486.5
264.22914,8356
264.25267,7119.1
264.26163,475.1
264.29727,387.4
264.38321,959
264.42767,508.8
264.65918,966.8
264.90955,425.6
264.9202,664.4
264.92682,359.4
264.92999,1021.3
265.02393,386.2
265.07397,410.5
265.07733,552.9
265.08212,320.5
265.10412,307565.6
265.11719,406.6
265.14107,5198.9
265.17868,7227.2
265.21515,473.9
265.22689,8900.5
265.26248,587.3
265.48996,360.1
265.52808,994.2
265.55377,746.9
265.8978,699.4
266.04475,2600.6
266.09924,557.5
266.10756,20105.5
266.17225,18276.3
266.21081,48125.5
266.30948,876.1
266.41257,693.3
266.47458,352
266.59796,1068.5
266.92581,280.9
266.97583,667.1
267.05336,12576.6
267.12211,157429.3
267.1563,1883
267.15866,359.4
267.19407,4826.5
267.21416,1475.5
267.2426,119800.2
267.26822,380.9
267.39355,709
267.75195,907.7
267.78402,1964.7
267.98819,466.8
268.00307,6928.2
268.03253,604.7
268.03919,435490.4
268.04584,528.9
268.07758,433.8
268.12548,2152.5
268.18579,589.9
268.22656,47026.8
268.23553,872.4
268.24584,2239.6
268.2626,9067.4
268.41089,555.1
268.595,428.4
268.71729,927
268.91595,482.2
268.97986,556.1
268.99642,16895.2
269.01002,2335
269.02713,475.9
269.03943,11729.1
269.04255,4418.3
269.08612,1032.3
269.10645,462.5
269.1289,2024.4
269.13539,15588
269.1726,1162.5
269.20843,88679.2
269.22916,271.7
269.2468,1031.7
269.25809,10013.3
269.29407,1636.8
269.35037,671.3
269.46445,412.6
269.87424,528.9
269.97458,546.4
269.98209,419674.1
270.03683,514
270.05476,5429.9
270.21105,921.8
270.24221,80474.3
270.26059,6206.8
270.26572,1019.7
270.27167,533.9
270.27851,538654.1
270.28522,1039.3
270.31982,806.4
270.33267,496.5
270.51724,633.6
270.59302,941.6
270.65491,450.6
270.67999,415
270.68451,405.7
270.7724,562.4
270.98288,8566.7
270.98602,442.2
271.0484,62080
271.08558,1699.3
271.09381,926.6
271.11634,965.7
271.12282,251858.6
271.12967,432.7
271.16559,352.5
271.18786,4233.9
271.19028,538.3
271.19495,429.4
271.22618,28786.5
271.26279,347
271.27398,242777.8
271.28156,55425.7
271.35034,647.6
271.4227,370.8
271.51581,1172
271.55057,925.6
271.81302,964.5
272.03421,18087.3
272.07038,46755.9
272.09528,457.3
272.10694,1964.3
272.12455,6329.9
272.18497,16402.8
272.22074,1355.6
272.22978,1265.2
272.24966,532.7
272.25778,78506.4
272.27745,8199.4
272.29441,11414
272.36621,664.1
272.44001,1428.4
272.46826,416.7
272.58774,493.3
272.6832,408.1
272.87619,866.7
273.02786,4038.3
273.04193,644.9
273.07639,974.7
273.10208,9847.4
273.10926,14346.5
273.14508,2176.3
273.17953,575.2
273.22976,6458.1
273.26166,475.7
273.29034,491.9
273.34637,499.1
273.4274,400.1
273.57767,959.9
273.68484,507.9
273.82709,1178.8
273.8295,900.3
273.86545,567.7
273.92596,366.3
273.97719,1681.2
274.01385,809.6
274.03345,948.1
274.0499,37750.8
274.08324,3352.4
274.10416,675.9
274.13225,832.6
274.17929,520
274.20112,1047.3
274.24527,1029.5
274.27359,480.1
274.34326,928.9
274.62442,871
274.87537,756.3
275.05069,1254.4
275.05365,434.7
275.08142,2161.5
275.11648,21706.4
275.12485,16764.3
275.22114,2537.6
275.2684,613.3
275.33731,631.3
275.5246,749
275.92343,491.1
276.02875,321.4
276.04439,3051.2
276.10207,3300.9
276.21772,3189.9
276.22932,3940.8
276.241,1075.6
276.2512,41454.9
276.26772,3232.5
276.57236,586.9
276.84406,884.5
276.94614,44553
276.98221,611.7
276.99576,469.4
277.02271,22413.3
277.03982,9092.8
277.05865,1250.3
277.0744,1136.2
277.09598,1785.5
277.10431,32599.3
277.12692,1171.7
277.14063,410.5
277.17947,181411
277.18643,986
277.23699,54397.5
277.30423,771.3
277.33313,655.2
277.80984,788.8
277.90021,1168.6
278.01072,984
278.02359,8768.7
278.07587,412.7
278.07974,555
278.14368,875.8
278.18302,7092.6
278.24511,177583.8
278.49286,777.5
278.59897,308.6
278.98256,29698.8
279.03861,24635.6
279.08279,1128.7
279.09898,2879.5
279.11902,413.7
279.15835,63054.8
279.19171,675.1
279.19443,1860.1
279.22977,360.2
279.24849,10004.8
279.51309,420.1
279.70334,616.6
279.96626,4047.5
280.0241,4888.6
280.03024,484
280.03914,5945.4
280.06024,669.7
280.09424,428.4
280.16226,647.9
280.18555,918.4
280.18854,489.5
280.21887,996.5
280.24921,570
280.25974,896.3
280.26279,1377.2
280.32809,483.4
280.40836,490.2
280.57733,431.4
280.94118,7651
281.0329,5269.9
281.0479,33780.1
281.0542,1613.2
281.06938,1662.2
281.07805,4595.9
281.08664,623.9
281.11435,539.5
281.13631,2667.3
281.17158,2557.2
281.17398,406.2
281.20862,8471.6
281.24656,1995.2
281.39017,966
281.42963,528.2
281.58821,1917.1
281.94095,460.6
281.98251,356.8
282.00353,21614.7
282.01853,157470
282.03329,936.3
282.03976,445.1
282.04449,1215.9
282.05492,64227.7
282.13965,484.8
282.20547,5122.7
282.24237,2628.8
282.56754,520.9
282.61826,490.8
283.00714,708.3
283.01869,1354
283.02634,526.7
283.05798,679.3
283.08503,1089.8
283.09903,403.4
283.11673,425.3
283.19012,555.4
283.24533,436.7
283.26257,578.5
283.35834,711.3
283.50433,435
283.98547,446.9
283.99024,1376
283.99771,1179386.8
284.00424,747.5
284.01685,364
284.02359,891.6
284.02838,480.3
284.03247,510.9
284.03482,503.3
284.07098,950.7
284.13184,1192.1
284.18948,477.7
284.22205,859.5
284.25803,391.8
284.29429,36644.2
284.50549,495.1
284.52374,1077.1
284.56788,937.7
284.57919,368.3
284.92114,754.8
284.96817,305.4
284.99933,98505.8
285.02841,547.2
285.0641,14859.7
285.08078,920.4
285.10208,9450.1
285.12518,499.1
285.13276,158607.3
285.16196,495.9
285.16882,588.7
285.17929,1283.5
285.18263,836.6
285.20354,23292.2
285.22809,1042.1
285.24185,398.8
285.2896,44784.9
285.50009,886.1
285.97653,485.6
285.9959,1622.9
286.00261,2470.6
286.03757,622.4
286.04984,39962.2
286.06808,558.7
286.07172,539.2
286.07877,870.9
286.08619,148436.8
286.17934,979.5
286.18768,396.7
286.23741,2233.2
286.24591,382.4
286.27364,117111.1
286.29137,1320.3
286.58444,458.2
286.63272,431.1
286.83176,556.1
287.00003,402.1
287.00695,156868.3
287.04955,1402.8
287.06888,851.5
287.07755,948.4
287.08876,1781.3
287.11769,7771
287.20517,581.9
287.26804,2249.1
287.27641,2319.4
287.43442,1093.2
287.98114,664.2
287.99257,308935.5
288.01073,1111.7
288.01965,947.8
288.02897,3377.2
288.04452,2420.7
288.06536,16051.9
288.10235,1713.3
288.216,549.8
288.22064,410.2
288.23743,1180.7
288.25279,13042.1
288.28913,101792.3
288.34189,921
288.77585,1476.9
288.85516,650.5
288.92233,459.7
288.93936,584.2
288.99367,5165.2
288.99622,1800.9
289.06909,362.4
289.104,6562.5
289.12491,535.9
289.13326,86064.7
289.14081,6862.1
289.1768,1587.6
289.18887,383.2
289.27307,334.6
289.29291,1418.3
289.41553,785.1
289.64841,582.8
289.97192,514.6
289.98978,438
289.99991,811.5
290.00839,1113.6
290.03629,323.6
290.04416,305.2
290.0806,428.7
290.09935,4097.8
290.11745,4829.2
290.18862,1170.4
290.23049,4498.5
290.26718,1164.4
290.52353,1180.8
290.59081,4918.6
290.61441,1102.3
290.79007,678.8
290.83929,563.9
290.92517,833.6
290.96172,10335.4
290.99084,754.4
291.03797,4730.6
291.09885,8423.2
291.11964,2468.1
291.13514,10071.2
291.1565,1154.6
291.19441,29131.3
291.25239,64434.4
291.39645,444
291.5697,651.7
291.5752,1624.4
291.60822,959.5
292.0251,1963
292.03963,2609.9
292.07675,354.9
292.19101,2338.2
292.21085,287.9
292.24734,420.4
292.44249,4746.3
292.69232,619.2
292.9505,465.5
292.96118,508.8
292.99797,221705.2
293.00601,438.3
293.01691,1098.5
293.05438,833.4
293.06931,1293.9
293.12683,679.5
293.13564,1871.8
293.15024,308.3
293.15472,342.6
293.17245,6833.3
293.19016,5384
293.19278,649.1
293.20832,19746.1
293.25663,2048.1
293.29401,697.8
293.29648,502.2
293.61616,1772.8
293.69264,1040.9
293.99875,3430.5
294.00175,938.9
294.01788,1279.7
294.04003,2211.5
294.05487,18437.7
294.1384,612.4
294.20569,31200.5
294.21904,1449.9
294.27858,2425.1
294.37988,912
294.52197,1064.2
294.55585,410
294.6745,646.1
294.86064,107507.8
294.95682,42976.6
295.0195,551.2
295.02493,1220.8
295.04858,3990.9
295.11694,463.7
295.18875,3625.4
295.19528,40417.5
295.2256,6358.6
295.26575,464.9
295.33899,1193.9
295.52951,7074
295.64926,551.1
295.91666,864.8
295.95681,2005.6
295.99781,3122.3
296.03412,283981.5
296.04933,144505.2
296.0755,1130.4
296.08444,418.5
296.22139,192204
296.96353,458.8
297.02036,20639.3
297.03617,8552.4
297.05146,4992.8
297.10043,432.3
297.20337,10755
297.22486,11888
297.24137,4605.5
297.25287,653.3
297.43097,871
297.53714,312.3
297.62781,399.2
297.9769,23163.5
298.02322,410.3
298.0498,1038.4
298.07791,379.8
298.10468,520.8
298.20073,3175.8
298.23297,405.3
298.27396,603.9
298.3099,551530.9
298.31714,548.8
298.41098,360.8
298.44434,414.6
298.48196,717
298.58316,863.6
298.62683,544.1
298.64749,517.9
298.78729,775.4
298.94379,364.8
298.95245,998.7
298.98438,381.8
299.00693,5509.4
299.04352,4808
299.05856,127679.8
299.08237,840
299.11773,37670.8
299.1483,8872.3
299.16125,225393.1
299.18115,1016.6
299.21873,52541.9
299.25743,11446.3
299.30537,4043.5
299.31316,68679.4
299.37436,1053.1
299.42471,1070.7
299.53191,1191
299.99261,63174.9
300.00035,2097.3
300.00546,656.5
300.01372,41696.9
300.03201,1051.5
300.06437,9238.3
300.10176,8389.8
300.12068,1318
300.16445,15411.4
300.18442,544.6
300.19092,587
300.19811,832836.4
300.22198,450.5
300.27802,511.4
300.28918,9574.2
300.58045,5621.7
300.58646,579.9
300.69986,250354.4
300.83151,546.8
301.008,1187.3
301.02249,43568.5
301.09015,526.2
301.14045,31315.3
301.16488,2132
301.17679,123996.4
301.20112,36558.3
301.48163,608
301.48813,780.9
301.58652,1002.3
301.70298,1070.4
301.85675,1377.1
301.86819,451
301.95093,475.9
301.9717,17656.1
301.99974,6719.3
302.00816,1687782.1
302.01627,908.1
302.02249,466.5
302.04486,468.8
302.08092,4410.6
302.1261,945.9
302.14423,554
302.16078,5005.4
302.18008,5803.6
302.19559,37429
302.20358,493
302.26837,888.5
302.30466,92407.5
302.44904,423.6
302.53973,499
302.66696,879.1
302.87357,641.2
302.95428,476.8
302.9635,1109.1
302.9792,6117.6
303.00015,695
303.00953,177479.4
303.0555,3940.5
303.08354,1005.2
303.11164,26208.2
303.14879,1180.6
303.20618,542.2
303.25227,12618.4
303.2789,1134.2
303.53238,543.3
303.56296,584.7
303.71188,1027.8
303.87943,1174.7
303.89212,926.9
303.98669,845.7
304.00561,5578.7
304.01401,7393
304.02396,464.5
304.07546,2355.7
304.09677,521.2
304.1149,57545.2
304.13338,1582.9
304.17732,788.9
304.24881,636.9
304.25516,870.9
304.28278,592.6
304.44012,482.9
304.45337,408.3
304.52783,517
304.91254,383.6
304.94089,5343.7
305.01728,123072.3
305.02625,587.2
305.10504,778.6
305.11542,328.4
305.13538,486.2
305.20007,882.3
305.20817,1055.9
305.29447,2309.4
305.34323,396.9
305.46671,652.4
305.58606,656.6
305.62518,402.8
305.78885,552.5
305.92511,781.8
305.95123,605.1
305.95868,495.7
306.00312,21489.1
306.02054,1441.8
306.05484,6536.6
306.07486,575.9
306.20549,2828.2
306.24164,476.6
306.2782,2817.8
306.29966,2134.4
306.41382,875.7
306.46964,863
306.53214,791.7
306.58295,501.4
306.6478,876.2
306.76077,545.5
306.9765,496
307.09143,567.9
307.10567,1181.8
307.11451,178336
307.12955,300.5
307.14242,906.4
307.15176,1269.8
307.18802,3785.8
307.20582,17361.3
307.27392,1359.3
307.30957,2044.7
307.4805,1587.2
307.58831,30493.8
307.70753,3863
307.72791,435
307.88034,1189.2
307.92245,390.9
307.92633,1142.1
307.99955,818.3
308.07031,5906.9
308.08966,4448.8
308.11821,3575.6
308.19037,439.6
308.20844,387.5
308.27904,26329.3
308.29402,138907.2
308.69531,672.4
308.86374,873.3
308.93532,2106.4
308.97216,16268.1
309.00262,427.9
309.02048,1333.1
309.0631,1101.7
309.10184,578.5
309.10852,699.4
309.14658,3051
309.16845,2570.3
309.17923,639.4
309.20344,8515.8
309.28888,1757
309.29828,921.7
309.32557,51393.2
309.35962,455.9
309.37099,1772.5
309.41299,1092.2
309.49194,566.1
309.58206,668
309.94644,434.4
310.01316,65217.5
310.02823,1033.8
310.04955,102853.8
310.10809,761.1
310.13831,913.9
310.16857,1705.5
310.19232,994
310.20058,1929.6
310.23707,3499.3
310.30971,34595.6
310.32912,848.3
310.37912,461.9
310.8642,679.7
310.92984,828.8
310.95392,327.7
310.97375,506.2
310.98181,479.7
310.99359,456.2
311.00835,77637.2
311.05103,865.1
311.07898,427.5
311.15479,493.7
311.16339,36743
311.18436,488
311.2189,388.4
311.25495,3287.9
311.26856,100519.1
311.30469,406.4
311.31378,669.4
311.50853,1051.9
311.51276,897.5
311.64926,1076.8
311.74756,747
311.99241,175641.7
312.00894,556
312.05185,1188.4
312.06491,578.1
312.08855,4567
312.10156,507.9
312.15457,555.9
312.16696,1015.6
312.216,734.9
312.27206,1081.6
312.28738,1019.5
312.31653,2350.8
312.32526,5291799
312.33438,2656
312.35834,488.8
312.49579,322.3
312.50623,566.6
312.55612,748.9
312.58929,434.8
312.64487,566.6
312.92395,1052.4
312.991,662
312.99514,2719.4
313.04678,839.5
313.05875,13907.8
313.07402,7306.1
313.0802,574.4
313.23426,141806.5
313.26318,431.4
313.27292,132544
313.32043,3500.9
313.32865,1137687.9
313.35697,42617.2
313.39645,591.3
313.45569,1289.1
313.89087,411.3
313.97199,1229.3
314.0081,44911.4
314.02925,4037.5
314.05981,4993.4
314.08078,13437.4
314.16241,765.5
314.2377,4992.5
314.26865,1526
314.27617,7242.7
314.30417,786.4
314.33206,65924.6
314.36032,719.7
314.89859,511.2
315.03226,637.5
315.03655,2010.5
315.11263,2766.9
315.13482,2388.1
315.15585,447.3
315.19252,3735.4
315.21353,531
315.46516,6605.7
315.61441,559.1
315.98746,194127.8
316.02379,725842.3
316.03845,586.5
316.05981,774.6
316.0748,783.3
316.09662,975.4
316.1332,1493.2
316.15186,1112.8
316.15674,375.1
316.20187,813.1
316.21116,3143291
316.21973,969.1
316.32035,9948.7
316.63943,925.8
316.68161,389.7
316.98708,952.6
316.99483,5398.6
317.02559,60433.4
317.06913,5117.1
317.08725,970.3
317.12804,13140.4
317.14316,469.3
317.15066,1825.1
317.17172,14985.4
317.2076,2230.7
317.2146,517444.9
317.44608,790.7
317.6192,465.7
317.74597,1115.6
317.8212,633.6
318.0019,2623.1
318.02277,1737.7
318.05566,328.6
318.09104,920.8
318.11241,4476.8
318.13048,740.9
318.19031,1834.9
318.21704,20447.9
318.26328,2068.2
318.29297,1293.1
318.422,817.7
318.48026,671.6
318.95593,1012.1
319.03296,134058.1
319.07477,603.1
319.11237,489.3
319.12934,1257
319.21832,440.1
319.22351,443.1
319.2741,1318.4
319.66101,504.5
319.79385,352.7
319.86511,958.1
319.95786,520.4
319.96107,919.8
319.97008,385943.8
320.01861,299966.9
320.02686,591.6
320.03514,1878.6
320.07056,4803.4
320.22144,7334.5
320.25798,1246.9
320.27777,1665
320.2918,1386.5
320.54526,758.3
320.69924,2490.5
320.9505,831.1
321.00424,655.7
321.02065,8672.2
321.0997,1305.4
321.12292,425.2
321.13037,1865
321.13843,604.7
321.14511,960.9
321.20008,1921.5
321.2032,6406.7
321.23909,5326.6
321.2892,16976.6
321.36044,767.4
321.70331,979.3
321.76404,496.9
321.97568,640.6
322.01426,14137.5
322.03391,956.7
322.04955,6744.6
322.08567,2082.4
322.23657,997
322.63867,1213.2
322.67755,504.2
322.95137,7763.6
322.98679,737.7
323.08852,1851
323.11539,740.4
323.14081,946.2
323.14584,30349.7
323.16193,505.9
323.18484,488.1
323.19861,554.3
323.21143,601.7
323.21866,438
323.23389,893.8
323.30496,34146.3
323.47156,481.2
323.71719,739.5
323.92178,744.9
323.96927,7286.7
324.02894,13806
324.04408,269421.4
324.05812,1139.2
324.14905,562.7
324.25247,902.3
324.28909,518.3
324.3083,1269.4
324.62042,1061.2
324.81012,990.3
324.81946,932.6
324.98774,1925.2
325.02394,12775.3
325.04643,30097.2
325.06659,917.7
325.11011,494.8
325.15265,537
325.16125,655
325.19867,936.8
325.23427,33043.1
325.32062,21647.3
325.51233,846.1
325.58536,701.2
325.81308,1043.7
325.99497,5523.6
326.00812,1966.4
326.04233,556.6
326.11735,1890
326.23132,681.6
326.30457,1679.3
326.35898,693
326.48358,762.2
326.94574,574.6
326.99734,439.3
327.03818,1033.8
327.07516,512
327.14826,1186.5
327.33614,408006.9
327.94858,1087.6
327.95599,568
327.98751,2863.1
328.00848,4170.7
328.02377,21265.3
328.03854,470.4
328.09623,1798.8
328.1127,1334.6
328.13293,710.4
328.19897,1930.4
328.21133,503.3
328.32026,33354.5
328.33964,49398.5
328.64529,402.1
329.01747,22809.3
329.03851,960.7
329.08997,402.1
329.10052,532.9
329.16464,557.4
329.17417,5088.7
329.19864,843.5
329.28973,646.5
329.35161,8613
329.43649,550.7
329.59537,517.6
329.98083,588.3
329.98572,417.6
330.00298,652768.3
330.01175,685.1
330.01895,511.8
330.07613,1175.5
330.11246,356.5
330.14819,409.4
330.19077,372.3
330.22667,180281.5
330.31488,326.2
330.48282,1226.6
330.49252,1479
330.76367,694.5
330.98996,388.4
331.00469,48251.1
331.11871,544.5
331.14361,4487.8
331.18724,12745.7
331.23024,6081.3
331.25973,69835.2
331.28349,905563.1
331.29312,1636.7
331.49554,528.2
331.52652,569.9
331.98088,1652.6
331.99969,698.6
332.00421,1381.6
332.07086,1310.8
332.10982,4320
332.12714,484.9
332.26331,487.7
332.28683,140893.7
332.87082,70937.3
332.95087,534.6
333.13815,533.6
333.14599,3707.6
333.16677,961.2
333.20494,41776.1
333.28836,885.9
333.29911,3083.9
333.41071,1080.4
333.54006,4242.3
333.87384,698.2
334.03421,196936.3
334.04961,4531.4
334.08594,1485.1
334.15292,460.5
334.30724,128737.8
334.58792,503.4
334.7171,769.3
334.72844,1580.5
335.03525,4658.5
335.14719,1076.4
335.16049,1242.8
335.18225,379.6
335.21866,2045.2
335.27843,79087.6
335.31068,4064.1
335.49002,591.6
335.60718,357.9
335.94245,1204.5
336.01547,404.1
336.02914,397.3
336.0325,831.1
336.05374,750.2
336.06522,7813.5
336.22626,495.8
336.25966,1890.3
336.28171,970
336.59177,535.7
336.60074,971.6
336.96717,3521.2
337.08231,894
337.13065,571.3
337.23563,588.1
337.27966,1196
337.284,532.1
337.32184,646.6
337.32813,916
337.93173,530.6
337.9849,41029.8
338.04429,1067.3
338.07938,1224.2
338.15344,421
338.28278,482.1
338.30435,505.4
338.34053,2637.7
338.5145,1322.8
338.63989,929.4
338.68457,433.5
338.70258,621
338.97696,400.6
339.08969,638.5
339.11122,1036.8
339.1405,680.9
339.14853,2396.5
339.17697,550.3
339.2153,441
339.28836,313.6
339.30009,4531.1
339.5625,713.6
339.58051,807.8
339.90994,557
339.98176,2506.2
340.06044,1265.9
340.09689,2497.4
340.21912,476.6
340.28577,622.5
340.82858,552.6
341.03351,611.8
341.06881,73671
341.09011,5760
341.16447,20961.9
341.25006,430.9
341.26576,3295.4
341.30482,1908.4
341.31549,17759.9
341.35202,733.6
342.00309,11292.9
342.02428,2590.9
342.03927,14283.4
342.05464,161308.6
342.07378,4566.4
342.11255,562.9
342.16813,2343.5
342.29968,650.5
342.33599,22912.5
343.00708,673.5
343.05715,6602.6
343.06997,1333.8
343.08539,966.2
343.10318,742
343.1438,920.2
343.17328,819
343.18015,11415.6
343.24695,1124.4
343.28223,468.9
343.29488,2703.3
343.33103,2108.5
343.33871,766.8
343.39825,548.7
343.48657,751.1
343.69931,1051.2
343.98254,541.2
343.98593,476.5
344.00833,950.3
344.01862,632587.2
344.02808,591.4
344.0361,540.4
344.09219,674.4
344.12827,380.3
344.1828,498
344.25623,454.1
344.31447,1212.1
344.47814,1182
344.70328,537.7
345.00577,704.2
345.02025,66800.6
345.03134,1021
345.09848,407.6
345.12244,644.8
345.60361,871.3
346.01663,498.3
346.08531,2198.6
346.1232,493.1
346.14182,969.2
346.53946,995.1
347.028,29684.2
347.12259,426.7
347.17303,898.9
347.21927,313.1
347.31396,690.6
347.62619,1276.9
347.63446,515.7
348.02979,749.8
348.06526,3691
348.10171,3805.3
348.31,320393.2
348.96756,572.6
349.1404,2002.3
349.15283,413.4
349.29408,10581.1
349.31328,19516.4
349.31895,1363.6
349.45889,628.3
349.48724,479.1
349.82397,879.9
349.97006,677.1
350.08109,2350.3
350.11968,1603.1
350.1441,1202.3
350.18118,456.7
350.20585,3390.6
350.24493,956.7
350.2677,443.6
350.28125,522.8
350.30542,414.6
350.32557,983.1
350.65466,1073
350.70837,493.2
350.98798,622.3
351.00137,456.8
351.02008,702.7
351.04016,1215.9
351.14819,429.3
351.15605,2763.6
351.21359,360.9
351.34921,695474.3
351.57642,845.3
351.62088,415.5
351.69916,762.5
351.76016,1453.7
352.00026,1120.9
352.03884,10490.5
352.06049,3095.7
352.09536,1109.9
352.27423,500.8
352.30502,30795
352.32159,541
352.35261,106330.2
352.38968,1321
352.73926,361.4
352.94995,568.4
352.97415,514.9
353.0186,1845.6
353.04807,1249.3
353.09032,1530
353.12802,645.7
353.25568,572.4
353.26539,1094611.9
353.2759,1353.7
353.34621,191318.3
353.35641,442.4
353.42575,462.1
354.02579,760.5
354.11218,575.3
354.1593,634
354.20895,705.9
354.2688,206539.6
354.34945,10477.8
354.59781,1053.9
354.62601,936.3
354.91898,563.4
355.01105,1212
355.10501,635.9
355.14316,642.7
355.15213,444.5
355.17967,3982.6
355.24692,1119.7
355.27108,3315.1
355.28136,35846.8
355.36703,743.2
355.38757,567.4
355.40204,794.9
356.04041,620.7
356.05506,42884.1
356.07008,14398.6
356.09174,660.4
356.23242,1016.9
356.28423,950.4
356.35151,4979.2
356.91138,474.5
357.04211,847.4
357.05371,453.6
357.05889,973.1
357.06473,875.1
357.16879,1698
357.21371,370191.3
357.26032,121115.5
357.28235,664.8
357.41968,495.3
357.4809,538.4
357.71542,121155.9
357.85992,1189.8
357.97473,399.8
357.99821,1593.1
358.04993,2837.6
358.09085,593.8
358.1434,590.1
358.20255,624.3
358.21812,11155.3
358.26355,2362.1
358.3446,836.8
358.50883,2059.5
358.71807,1360.1
359.07933,23492.9
359.11539,982.6
359.17529,568.1
359.21954,651.9
359.31471,129329.4
359.46411,993.5
359.63654,684.3
359.73358,1049.8
360.05316,566.5
360.06552,570.3
360.13794,6036.8
360.31841,9203
360.81366,1275.5
360.90747,1226.2
360.9754,1343.6
361.03957,1042.9
361.0463,403.3
361.18954,605.4
361.80228,666.4
362.00964,696.9
362.081,2085.4
362.11747,1409.4
362.29698,39332.5
362.69467,479.7
362.79872,7769.7
362.86554,748.7
362.9339,844
362.98707,1965.5
363.30969,46728
363.33093,853.1
363.48895,1389.4
363.50394,318.7
364.05947,1984.9
364.09607,403.7
364.13425,478
364.31291,1127.1
364.35671,5443.4
364.45792,1343.3
364.535,1052
364.55438,480.8
364.7677,856.4
364.8653,943
364.94412,862.1
365.01996,480.1
365.16394,966.2
365.31412,589.8
365.38826,21715.6
365.39935,800.6
365.79059,876.4
365.79993,598.3
365.96959,2323.9
366.07586,23151.7
366.11154,507
366.14822,1598.2
366.2396,5524.9
366.43503,441.5
366.50137,905.6
366.52667,521.5
366.54129,464.3
366.56216,479.1
366.69275,810.8
366.8418,1159.3
366.86447,1012
367.05493,923.4
367.28198,730.7
367.34322,2250.6
367.57919,1014.5
367.67068,1055.7
367.85226,1062.4
367.92944,573.3
367.96643,401
368.05505,637.6
368.09079,531.6
368.94574,630.2
368.96085,968.2
369.06583,653.4
369.16817,3642.2
369.18258,985.6
369.19482,460.2
369.23953,41193.8
369.38283,3943.2
369.41956,219279.8
369.48239,574
369.80655,1196.1
369.87195,1508
370.0325,671
370.04941,512
370.07049,9557.7
370.10853,935.5
370.13443,976.3
370.20102,683.2
370.21625,658.2
370.22281,844.1
370.24246,399.4
370.29538,746.7
370.42276,13866.2
370.82578,1016.2
370.94086,1268
371.17413,2111.7
371.24561,818
371.27612,4824.4
371.89063,769.3
371.9978,791.9
372.01311,2784.9
372.06522,675.1
372.08649,443
372.12213,492.8
372.16479,591.8
372.18716,498.3
372.19638,481.2
372.23221,634.1
372.32971,384.8
372.88425,1291.1
372.92151,893.3
373.08183,1862.6
373.29449,501.2
373.57172,488
373.64557,690
374.00729,534.3
374.01743,545.7
374.10172,658.7
374.15488,595
374.19531,373.8
374.26596,477.4
374.47644,528.9
374.96198,596.6
375.07443,562.6
375.11523,500.9
375.1326,1313.6
375.14932,618.5
375.17853,394
375.20166,1047.3
375.41507,1046
375.53607,1014.9
375.57077,663.3
376.00775,441.4
376.05978,448.4
376.08188,421.7
376.14938,499.7
376.24368,783.9
376.31283,3666
376.34126,40271
376.5481,800.9
376.81396,1233.6
376.83923,649.4
376.86142,1121.1
377.1535,981.4
377.16288,1790
377.18066,657.8
377.32541,14578
377.45926,368.2
377.9519,522.7
377.99323,679
378.00266,564.3
378.02335,744
378.20444,513.7
378.33521,969.3
378.38449,1093.1
378.50427,450.3
378.65646,910.6
378.93243,1088.8
378.99017,552.7
379.00616,540.5
379.15089,30589.2
379.28188,2035.1
379.30459,41056
379.36734,821.3
379.58572,526.6
379.7085,533.8
380.09142,1846.6
380.15424,488.7
380.20022,7035.1
380.26324,1318.6
380.33761,1638.5
380.35145,141281.4
380.69122,792.6
380.76233,1267.4
380.9292,594.6
380.99759,532.4
381.04846,6222.4
381.11078,764.1
381.1231,7485.4
381.26413,810
381.29674,184252.8
381.35479,6119.9
381.38332,1569.5
381.88864,431.7
381.92581,889.8
382.05316,664.4
382.07089,4581.5
382.12619,504.2
382.17502,759.2
382.30007,8163
382.3877,464.2
382.45963,1034.1
382.48697,579.2
382.521,790.3
382.76437,784
383.10081,8797
383.18558,862.6
383.21118,3693.1
383.24741,621.4
383.34857,943.9
383.39861,229456.7
383.5661,582.9
383.58041,444.6
383.63138,1240.7
383.66452,1000.3
383.6886,1357.6
384.04986,6887.5
384.06493,2907
384.08618,33523
384.17273,589.6
384.24417,530.1
384.24982,723.1
384.3833,584.6
384.4018,16167.2
384.77123,25886
384.85223,548.1
384.8894,484
384.95035,518.1
385.05182,798.5
385.06903,493.4
385.11608,1687.9
385.1651,634.9
385.22208,1595.3
385.24283,1015
385.27295,5010.3
385.29161,46490.8
385.40494,692.1
385.41526,3044.7
385.59787,958.2
385.62655,2349.5
385.88007,749.1
386.0058,1153.3
386.04507,325.9
386.05932,1072.7
386.08469,616.9
386.19513,4767.5
386.2121,1073.1
386.24567,1822.7
386.30212,1705.7
386.53296,1119.8
386.68814,1035.6
386.93033,590.5
386.94588,1355.9
386.96814,1025.9
387.06842,465.7
387.1352,5427.8
387.17925,426394.8
387.19204,204258
387.24951,1963.5
387.27142,828.1
387.30508,414.6
387.58118,772.5
387.74332,1097
388.01282,916.1
388.02364,1998.7
388.15863,490
388.18282,70564.1
388.19537,12991.6
388.26859,374.4
388.29373,919.8
388.37277,793.8
388.50269,486
388.86642,1249.5
388.9881,599.2
389.10077,742.6
389.1503,1020.7
389.18535,1703.7
389.21951,659.8
389.25281,4440.7
389.29565,400
389.35574,2091.4
389.3855,509.3
389.42636,502.5
389.58847,868.8
389.61462,751.3
389.69421,723.8
389.70395,495.5
389.96674,1068.9
390.01382,525
390.05136,468.3
390.10599,783.8
390.58881,471.5
390.72818,459
390.79703,510.1
390.94128,1101.2
391.11792,359.3
391.15076,16258.2
391.16367,602.8
391.24432,494.6
391.28311,2705.3
391.40146,488.2
391.44069,8846.1
391.74329,504.2
391.81198,552.7
392.01846,37627.3
392.03934,604.7
392.15433,504.6
392.28015,790.2
392.31476,619.3
392.36377,646.3
392.72824,1007.4
393.01921,1408.7
393.13013,555.6
393.16728,1193.8
393.4668,524.4
393.5036,1227.8
393.6561,412.1
393.8988,677.4
393.91336,381.2
394.0228,1118.7
394.07065,685.4
394.14475,1263.6
394.35192,2607.4
394.4852,772.5
394.61023,572.4
394.6409,467.3
394.95203,698.8
394.99063,1346.2
395.00125,642.8
395.02377,1100
395.06427,1368.1
395.10144,468.5
395.12524,559.2
395.14691,572.2
395.21262,412.7
395.27821,1015.8
395.36223,26695.4
395.49783,532.2
395.95175,458.6
396.01074,749.4
396.08612,14997.6
396.15957,1185.9
396.33129,36039.4
396.34454,649
396.44629,646.8
396.67911,1295.4
396.711,536
396.88315,1052.3
397.07819,1046.9
397.08801,426.2
397.22708,6067.3
397.24988,584.9
397.27097,1045.7
397.37901,2536
397.78763,827.1
397.91635,487.3
397.97739,970.9
398.10168,7442.8
398.11789,779.2
398.13861,697
398.21063,630.3
398.2742,468.9
398.28952,564.8
398.38135,406.7
398.54053,968
398.98016,1144.4
399.07162,735.9
399.13353,15460.8
399.30728,24796.2
399.3667,833.5
399.53018,652.3
399.62375,287.1
400.00796,2288.5
400.02487,436.7
400.07498,557.7
400.07971,663.2
400.28525,516.1
400.3103,616.8
400.37821,2550.8
400.48984,926.1
400.96082,1098.6
401.09192,538.9
401.13068,794.7
401.18539,534.5
401.28659,114577.8
401.54703,1044.6
401.58194,804
402.02485,1445
402.07016,664.5
402.23932,622.8
402.29017,2045.1
402.86301,1257.9
403.02448,520.6
403.08463,568.1
403.11734,589.8
403.13788,412.4
403.80106,1134.5
404.01608,932.7
404.07043,517.6
404.08167,427.6
404.1279,442.3
404.206,443838.1
404.21842,44991.8
404.37271,1731
404.64151,804.1
404.82031,833.4
404.88214,446.3
404.95672,29491.6
405.20837,58444.8
405.2184,7700.6
405.25974,421.9
405.60577,418.4
405.82584,1087.1
405.93558,446
405.95721,687.2
406.03418,109546.6
406.05664,1574
406.10004,1257.1
406.20438,640.9
406.21265,477.5
406.25409,1175.6
406.26489,665.9
406.29584,693.8
406.36719,3291
406.46451,1503
406.70981,755.2
406.7424,1725.3
406.75097,4899.8
406.79446,966.9
406.93448,892.9
406.95471,358.9
406.99832,1149.3
407.03576,5248.2
407.14603,1316.1
407.20468,716.6
407.21643,535.5
407.41167,87864208
407.97587,1098.1
408.07122,1687.5
408.07669,2821.6
408.12531,699.5
408.15907,1455.7
408.39554,708.9
408.41508,22973758
408.435,613.6
408.44299,8645.8
408.57013,466.5
408.85046,576
408.94196,565.4
408.98593,461
409.03668,875.1
409.08701,999.6
409.11716,534.1
409.14892,619.8
409.16131,707886.1
409.17383,77857.6
409.18979,493.9
409.20206,534.8
409.25595,814.1
409.40832,27370776
409.86874,544.8
409.90076,500.1
410.04828,976.1
410.06412,1053.5
410.16451,127995
410.17663,4052.5
410.41203,7286268
410.4252,4509.2
410.43314,1203
410.509,625.2
410.65012,1104.4
410.70905,1511.3
410.84503,645.9
411.02069,716.8
411.06992,588.5
411.16807,4144
411.17905,478.8
411.20651,535
411.41556,922052.9
411.51392,1189.5
411.95355,537.3
412.08292,644
412.09708,1744.2
412.11688,348.7
412.15454,599.8
412.22705,3320.7
412.25131,695
412.30426,394.7
412.37796,2433.4
412.41888,28419.9
412.4411,475.6
412.44913,854
412.46756,556
412.55493,421.9
412.68774,844.8
412.69772,1324.6
412.78564,1070.7
412.80679,559.6
413.11154,550.4
413.1384,731.9
413.2637,790.4
413.27365,589.4
413.40341,650.7
413.97107,499.7
414.07068,1412.1
414.2504,414.7
414.41684,499.2
414.46603,669.9
414.72272,713.8
414.94095,523.4
415.0191,920.7
415.1163,426.4
415.18384,552.6
415.21059,354475.6
415.59955,290.1
415.672,1107.8
415.82748,777.3
416.01947,288.8
416.07596,1241.9
416.09149,600.6
416.134,478.2
416.21371,43572.8
416.22672,41497.5
416.37331,1809.9
416.46097,514.2
416.50882,1056.9
416.87728,1547.5
416.97357,1437.7
417.08987,865.4
417.099,316.7
417.19525,401.5
417.21872,713.5
417.23004,600.3
417.26076,2686.1
417.44235,836.7
417.87354,777.4
418.08581,944.8
418.12543,1166.2
418.17712,505.4
418.21542,704.8
418.26096,669.8
418.48257,1173.8
418.68417,1091.7
418.93595,2198
418.97221,37998.9
419.08701,521.1
419.15588,503
419.23368,1634.5
419.35953,752.4
419.6048,1377.1
419.97386,3010.2
420.04977,30635.3
420.23712,880.5
420.25253,514.2
420.50201,440.5
421.05109,452.8
421.11786,1339.7
421.19177,473
421.21909,518.2
421.24985,535.9
421.35171,4443
421.42736,383775.9
421.99251,54852.6
422.00638,802.2
422.10165,882.2
422.13412,915.4
422.17533,1275.3
422.21667,424.5
422.22534,458.3
422.43081,70867.9
422.48001,525.1
422.79886,876.7
422.96277,534
422.99427,2626.6
423.17555,1556.3
423.31708,877.5
423.33105,39351.6
423.40667,14680.2
423.4239,86945.2
423.43743,1144.8
423.58231,663.1
423.76221,745.2
423.96906,539.7
424.08057,458.8
424.11667,689.7
424.18967,483.8
424.33484,1362.3
424.42756,2177.1
424.82898,685
425.13514,60049.9
425.18311,590.4
425.22183,773.9
425.40332,1377.1
425.77319,1001.1
425.81723,492.2
425.98748,33510.5
426.0712,1009.6
426.09683,521.3
426.13797,538.5
426.24591,691.1
426.58084,978.3
426.99133,553.9
427.06583,543
427.12754,1971.8
427.1713,590.3
427.26398,633.8
427.59839,512.6
427.72006,567.5
427.79379,707.9
427.81329,618.2
427.83081,1742.5
428.1033,818.9
428.12946,1169.9
428.18542,591.8
428.26324,1455
428.55292,479.1
428.62277,883.9
428.73767,628.9
428.89038,421.1
429.03302,7300.2
429.11539,393.8
429.15775,1103.1
429.20685,484.9
429.23544,506
429.25146,87249.9
429.31816,3564.9
429.53079,515.5
430.24268,569284.4
430.25606,6363.7
430.27734,766.5
430.31598,841.3
430.38885,4347.5
430.41779,1026
430.7666,907
430.80028,4405.8
431.08044,1872.6
431.13504,4633
431.24607,81818
431.26773,982.8
431.30222,1559.2
431.3089,1667.1
431.37332,1195.1
431.46582,1715.8
431.5629,1238.5
431.78067,495.2
432.14642,1088.3
432.23701,77497
432.25021,764.1
432.72168,1021.6
432.95175,19014.9
432.98813,3855.2
433.2218,600.6
433.24022,3074.6
433.33859,598.2
433.65326,710.7
434.0113,1266.5
434.02686,523.2
434.04419,19775.2
434.41592,809.4
434.43069,1402497.5
434.44466,3333.9
434.77838,715.6
435.04437,571.9
435.2807,1002
435.36496,1316.4
435.40729,632
435.43393,345172.4
436.01215,400.2
436.09473,603.3
436.26068,657
436.39992,1411.8
436.43682,3667.9
436.58438,527.8
436.75262,962.3
436.98358,686.4
437.07385,777.6
437.19263,297616.3
437.72665,479.8
437.90735,1128.2
437.98755,5785.5
438.00897,590.8
438.11853,770.7
438.13382,498.4
438.16922,2552.7
438.1958,38712.6
438.37804,2778.7
438.48358,1189.4
438.56219,616.8
438.88514,2613
439.23322,1186.9
439.32642,793
439.38226,803.6
439.46078,899
439.8855,1025.5
439.93539,519.5
440.00317,329096.7
440.22228,1086.5
440.27557,1163.8
440.35739,40718.8
440.40882,216311.2
440.49545,1252.2
441.0055,35559.3
441.14401,752.1
441.36033,1014.7
441.41249,29812.2
441.43591,951
441.78695,47457.4
441.82764,557.9
441.94699,476.3
442.00839,1421.9
442.01443,552.7
442.05692,1209
442.10876,761.5
442.19977,543.3
442.27068,35567.6
442.28835,14507.8
442.40396,649.7
442.41635,2225.8
442.79001,690.9
442.93207,623.9
443.03082,1463.5
443.20486,526.9
443.23208,1547.4
443.27403,3054
443.30289,790.6
443.33347,18566.8
443.4465,1004.5
443.48843,480.5
443.50861,573.5
443.52811,681.7
443.54095,535.6
443.56232,778.5
443.89188,574.5
444.05374,830.2
444.10599,551.7
444.12573,419.6
444.1618,578.3
444.17154,813.4
444.25283,71024.4
444.2782,1189.6
444.55692,310.1
444.89304,1158.6
444.99124,935.3
445.09732,695.5
445.14529,418.6
445.22363,5972.4
445.25566,5642.2
445.31236,77413.1
445.49692,1006.2
445.90347,723.5
446.14145,585.7
446.25256,544.8
446.31573,429.4
446.72131,1257.4
446.96704,8646
447.06812,999.9
447.56464,909
447.74835,984.5
447.93817,492.7
447.96909,988.5
448.04471,1323.8
448.18942,831.3
448.24821,2585.1
448.29486,515.2
448.38916,507.9
448.60992,1266.7
448.94431,491.7
448.9819,625.8
449.15793,559.3
449.38217,1258.5
449.45842,48418.5
450.00815,1001.7
450.25653,888.8
450.46198,5455.2
450.85098,1122.1
451.06931,750.6
451.16337,28245.5
451.36169,630.6
451.42452,2589.8
451.45581,703.6
451.55087,1032.7
451.70862,492.6
451.9505,1206.3
452.003,2258.1
452.05487,15195.6
452.16428,1102.2
452.65433,605.3
452.81192,1023.2
453.05942,749.2
453.16655,14162.5
453.28973,5261.9
453.4435,1559.9
453.94504,566.6
454.01885,247025.1
454.04001,1198.4
454.04654,933.5
454.10776,457.5
454.12589,529.3
454.47433,803.7
454.50134,1106.9
454.59573,977.5
454.96536,571.7
455.02111,26285.4
455.11584,1149.5
455.27859,659
455.31711,552.3
456.02075,964.2
456.08566,490.4
456.45242,494
456.48782,560.5
456.93256,1290.1
456.9415,483
457.0278,1040.3
457.14801,1021.2
457.22638,467
457.23853,632.7
457.28301,7829.3
457.34929,2672.5
457.44449,414.5
457.59933,544.6
457.67889,1232.7
458.23213,24115.9
458.26922,1313.4
458.28586,441.3
458.4133,667
458.42035,1819.1
458.44904,40656.5
459.13147,1158.6
459.42786,540.8
459.44425,659177.4
459.68884,470.9
459.81055,499.4
460.17609,466.9
460.23782,879.2
460.26791,32621
460.33191,2250
460.44755,143899.3
460.51556,613.9
460.89841,772.3
460.98273,1216.3
461.03531,525.8
461.2717,1918.2
461.2876,641.8
461.39789,554
461.43995,65318.1
461.54816,592.4
462.03894,628.5
462.15851,533.9
462.17206,498.9
462.26334,14434.4
462.31567,1254.1
462.35532,596.1
462.4431,7427.4
462.5751,1126.4
462.60468,577
463.1827,188247.4
463.21014,541.5
463.26556,667.1
463.45959,576.6
463.47423,639400.6
463.52194,731.6
463.98196,1314.2
464.18588,14679
464.33264,581.2
464.47769,186180.7
464.80533,1110.4
465.17914,377137.4
465.2807,577.2
465.37014,35605.2
465.47136,165337.8
465.58124,645.8
465.89041,1166.7
465.98557,839.2
465.99414,670.2
466.07025,3945.3
466.18289,36577
466.47465,12786.2
466.52469,647.4
467.19604,469
467.23124,958.2
467.35667,15214.5
467.36739,11397.4
467.48062,340.2
467.60327,660.3
468.12268,27866.1
468.19045,1895.7
468.21353,717
468.23923,596.2
468.36263,1390.1
468.37122,1094.1
468.44013,58169.7
468.94565,582.7
469.00568,573.1
469.03751,719.2
469.12511,2190.3
469.30292,490.7
469.44413,6491.3
469.76804,539.3
470.31708,498.3
470.47293,1059.1
471.10648,1193.6
471.36481,759
471.90509,1288.3
472.14752,559.1
472.17209,509.7
472.1879,1480.1
472.24815,63555.9
472.28522,1832.4
472.43777,530
472.64774,1485.1
473.11517,542
473.1445,1276.5
473.2503,7003.1
473.28474,1107.4
473.34473,1209.5
473.44055,857.8
473.93665,1949.4
474.09726,648.2
474.25662,558.9
474.34821,1158.3
474.38101,1308.7
474.86169,477.6
475.44571,3930.4
475.45901,1122.7
475.96149,909
476.45389,499.4
476.9552,1116.9
476.98907,638.7
477.19717,565.8
477.45367,7736.4
477.86005,521
478.07156,1326.6
478.12913,52232
478.14697,1004
478.16479,576.5
478.45441,1221.6
478.63093,3516.2
479.04858,623.6
479.31284,1022.2
479.45047,521
479.7811,532.3
480.00464,1187.5
480.53629,1063.4
480.63892,779.3
480.86105,1128.9
480.93005,373.4
480.95181,1271.6
480.96918,531.5
481.26706,1471.7
481.28638,418.2
481.65738,641.3
482.20587,112421.4
482.33459,425.4
482.40368,2270.4
482.42062,683.3
482.90021,648.3
482.96545,525.1
483.18777,451.8
483.20925,5159.8
483.25464,535.1
483.34149,805.4
483.40945,527.1
484.3837,40260.8
485.09195,1137.2
485.14698,7802
485.1635,3382.9
485.35781,22918.6
485.38678,683.3
485.42784,16079.7
486.13395,1488.4
486.1727,862.1
486.36139,1317.5
486.43043,1655.8
486.50653,796.3
486.51831,471.6
487.16108,287808.1
487.36005,4611.1
487.59598,612.2
487.61722,1167.6
487.92984,597.8
488.1106,1117.2
488.16481,27683.7
488.29874,736.8
488.36439,2268.8
488.46783,1019.3
489.04227,1153.5
489.08105,902.1
489.13452,590.4
489.25482,1208.2
489.27488,2475.3
489.33851,24942.3
489.77502,1272.7
490.04105,695.7
490.27789,692.4
490.34327,1127.7
490.55603,467.2
491.44202,585.2
491.46839,4241.5
491.65674,1019.1
491.96646,869.7
492.12384,703.2
492.21844,447.5
492.26395,692.1
492.38947,907.8
492.58093,467.9
493.01596,605.7
493.23645,521.5
493.27881,574.8
493.37729,1222.5
493.59052,561
494.1077,707.3
494.38556,733.3
494.92825,1136.1
494.98474,829.6
495.38898,545.9
496.11676,524.5
496.15395,1772.4
496.39685,1207
496.9512,1203.4
497.20569,657.1
497.21915,1239
497.26648,1235.1
497.30606,903.8
497.64615,434.5
497.89001,1505.4
498.20422,550.5
498.80298,11036.8
498.89066,520
499.07028,1073.3
499.30445,2157.5
499.41592,548.4
